,greek_pelike_iron_age_-500BCE_57,greek_pelike_iron_age_-400BCE_137,greek_pelike_iron_age_-300BCE_293,greek_pelike_iron_age_-450BCE_37,greek_pelike_iron_age_-450BCE_32,greek_pelike_iron_age_-350BCE_74,greek_italiote_pelike_hellenistic_age_-350BCE_114,greek_italiote_pelike_iron_age_-350BCE_202,greek_italiote_pelike_iron_age_-350BCE_209,greek_italiote_pelike_iron_age_-400BCE_44,greek_italiote_pelike_hellenistic_age_-300BCE_258,greek_italiote_pelike_iron_age_-350BCE_204,greek_loutrophoros_iron_age_-450BCE_158,greek_loutrophoros_hellenistic_age_-150BCE_295,greek_loutrophoros_iron_age_-600BCE_288,greek_loutrophoros_iron_age_-500BCE_213,greek_loutrophoros_iron_age_-450BCE_164,greek_loutrophoros_iron_age_-500BCE_211,greek_italiote_loutrophoros_iron_age_-400BCE_246,greek_italiote_loutrophoros_iron_age_-350BCE_291,greek_italiote_loutrophoros_iron_age_-400BCE_247,greek_italiote_loutrophoros_iron_age_-400BCE_244,greek_italiote_loutrophoros_iron_age_-400BCE_245,greek_italiote_loutrophoros_iron_age_-400BCE_243,greek_amphora_iron_age_-550BCE_4,greek_amphora_iron_age_-350BCE_143,greek_amphora_iron_age_-450BCE_26,greek_amphora_iron_age_-350BCE_142,greek_amphora_iron_age_-350BCE_146,greek_amphora_iron_age_-550BCE_6,greek_italiote_amphora_iron_age_-400BCE_81,greek_italiote_amphora_iron_age_-400BCE_86,greek_italiote_amphora_iron_age_-400BCE_88,greek_italiote_amphora_iron_age_-400BCE_90,greek_italiote_amphora_hellenistic_age_-300BCE_221,greek_italiote_amphora_iron_age_-450BCE_265,greek_amphora_iron_age_-1000BCE_155,greek_amphora_iron_age_-1050BCE_277,greek_amphora_iron_age_-1000BCE_152
greek_pelike_iron_age_-500BCE_57,0.0,0.4517743429796216,0.3533782078669565,0.3008172741279035,0.27774077913073647,0.4126925762508371,0.3973317486678349,0.19430653756221608,0.3545390327011627,0.23269189048437747,0.3625407576267864,0.31616753688909793,0.47791418397320834,0.46546476001500137,0.37323109795172055,0.4375813854982164,0.3718125227257984,0.38328521138671634,0.493295548054418,0.4347309362801042,0.35967644866401816,0.39692887125293086,0.37635711890496076,0.409637642201423,0.310808500150963,0.36960082851457887,0.2982597466422334,0.3631226057039391,0.341650236271626,0.33929399511427677,0.3504420715472142,0.3782396539177617,0.30694697088037887,0.32320371450232854,0.3381074584684148,0.2770028733310175,0.2577496867064738,0.2521687924747788,0.31624407395857235
greek_pelike_iron_age_-400BCE_137,0.4517743429796216,0.0,0.36731160201104157,0.2893881367643637,0.24707549811182594,0.2590020745846845,0.27721729762461805,0.4566587696671964,0.2839249013877559,0.3989819744259468,0.2789444912450236,0.25394392120582737,0.3979819832555575,0.6020577758201193,0.42134312605765284,0.4096689182244281,0.5376167634811813,0.4868952594243328,0.4705348982317808,0.33692598105289073,0.5379824852226079,0.38169727087858374,0.3680228694347514,0.40971710357658453,0.40063540875612846,0.32958469888920505,0.4084611732184222,0.3381894417682069,0.39010675394345945,0.37717554215513055,0.4144626050294578,0.4001013148750886,0.38934173348327694,0.463199049327999,0.43031654872907543,0.4187652161378532,0.3894937662813253,0.4566533289244682,0.3249838758480796
greek_pelike_iron_age_-300BCE_293,0.3533782078669565,0.36731160201104157,0.0,0.3319198799632155,0.271822185813414,0.24139768338439868,0.23100332147855746,0.4334166783224763,0.35784765059714774,0.24809749632155056,0.3087903348172374,0.36732407717329285,0.37814047954738134,0.4934147777041856,0.2736607354055727,0.3379520824139228,0.4234517920500574,0.3209951208638963,0.3714924440009124,0.42484098159151323,0.5042770918509274,0.4243810861682403,0.35036047689026456,0.4162178527923327,0.3849714939998808,0.4018559842459197,0.334261028874028,0.3152660939360358,0.37032433731545317,0.3411240884708216,0.33408343667042123,0.3869488566938689,0.3627381666089887,0.4886234848429296,0.34502724300189214,0.37782815712998014,0.2598154960826372,0.37798992455583513,0.21986080553577253
greek_pelike_iron_age_-450BCE_37,0.3008172741279035,0.2893881367643637,0.3319198799632155,0.0,0.28326917874580076,0.2481545135039322,0.28187234360530256,0.37861537210548873,0.34274182703613687,0.2971560358919312,0.369729619336532,0.263352160437827,0.43162152860728875,0.5410882493422994,0.3750102871117233,0.44078879520457886,0.48779265474388567,0.43953478989212114,0.5093475954957237,0.3510554958656149,0.43357432351736847,0.3357239930536778,0.3034928536233637,0.38889666320245264,0.23025567424091478,0.2996405358587208,0.2703488086720633,0.26390369535701264,0.27991238027827076,0.24676070021795077,0.2647950206094478,0.33177623330046196,0.2837544070610468,0.4203484721967826,0.3528328178861849,0.28220250911400124,0.25361241149268776,0.28322513084776163,0.2171605132754712
greek_pelike_iron_age_-450BCE_32,0.27774077913073647,0.24707549811182594,0.271822185813414,0.28326917874580076,0.0,0.3122093154103853,0.2831367734797009,0.3194054106513711,0.24356031508013234,0.2962444895022018,0.24095004403782747,0.2159054582844201,0.3496840879268469,0.45840431750589206,0.2657952744730772,0.30947627493154634,0.3863766183812496,0.32747093110558745,0.4098125268350306,0.3081141020277054,0.42814467084770913,0.33814211474033556,0.29949287053390394,0.31758599007172617,0.35742627929763515,0.29697599357104587,0.30029218208474345,0.2997110613666065,0.299211871342097,0.29958423124060934,0.36204175178566034,0.319255988466932,0.30154273553308286,0.4030073618905444,0.2776934759230109,0.29935909264714833,0.24170448164953867,0.394222216750251,0.2773017331908876
greek_pelike_iron_age_-350BCE_74,0.4126925762508371,0.2590020745846845,0.24139768338439868,0.2481545135039322,0.3122093154103853,0.0,0.19747329024457963,0.46580043678851063,0.3538539018531183,0.31875490841054793,0.27570565341712955,0.2768713700339674,0.3833216844307051,0.5503182766402673,0.3309865442824275,0.33241417546793584,0.4931529184410754,0.3876911356424879,0.41809294990689816,0.34663629886123365,0.5010812871667909,0.3656811464089375,0.29903168535772684,0.37225184887352025,0.3455182817909528,0.34972694093038537,0.3320819424061259,0.2781979641905759,0.3415557224842858,0.30449473755651885,0.3321079256530219,0.35272373341872754,0.3371806718179962,0.5142971716022764,0.35484377379433807,0.36084930614454863,0.30633477158253763,0.3904201713478837,0.20888180747655816
greek_italiote_pelike_hellenistic_age_-350BCE_114,0.3973317486678349,0.27721729762461805,0.23100332147855746,0.28187234360530256,0.2831367734797009,0.19747329024457963,0.0,0.4651090976304334,0.32416493829842974,0.2884367876295192,0.2703589935921023,0.31206080103820577,0.37654784670928376,0.5461492579656996,0.31955167180102906,0.3570794621888901,0.478823604230443,0.38554384249311263,0.36162656331124954,0.3281370351684309,0.4879196525606851,0.343907605588564,0.30286241324355095,0.36222478885148557,0.3733373033849767,0.36329243563785946,0.3386557368993576,0.27825017607114494,0.3546500118749748,0.3255163918649791,0.3575333572746976,0.40570274680710555,0.3773108552886788,0.5198430634427702,0.3733383593194288,0.3760737343412044,0.2852939700763597,0.39471315229321335,0.2025427139292985
greek_italiote_pelike_iron_age_-350BCE_202,0.19430653756221608,0.4566587696671964,0.4334166783224763,0.37861537210548873,0.3194054106513711,0.46580043678851063,0.4651090976304334,0.0,0.33624874616123807,0.31414952086640274,0.3837475407546333,0.3137394470177042,0.46962608850850657,0.4030724805449239,0.4094409956362306,0.43116832309883607,0.32549939416369206,0.3920135112928875,0.48459489815946094,0.4274451450586618,0.3380322376692405,0.40948063518429406,0.391371362833885,0.3926077608038322,0.35789877623075583,0.3610404729303786,0.32435417763343655,0.40165337782584715,0.34898359671548274,0.3665919283881819,0.3783496879745456,0.34931356389563706,0.3158814817806633,0.2737727346915531,0.31089789452331085,0.2910346083190315,0.2894414366778362,0.35939810784514836,0.3878277869160697
greek_italiote_pelike_iron_age_-350BCE_209,0.3545390327011627,0.2839249013877559,0.35784765059714774,0.34274182703613687,0.24356031508013234,0.3538539018531183,0.32416493829842974,0.33624874616123807,0.0,0.39923042235348816,0.25604346523475613,0.239275483731873,0.2929629715215305,0.46671598059071706,0.343075148595859,0.3012842113579327,0.3813476250517889,0.33935127119678804,0.4483396619241209,0.2815910377234596,0.48917196102063926,0.3469092933187337,0.2799596359504477,0.31360260237797605,0.3469292885130428,0.22441499348064298,0.31858476242223144,0.25601416438695807,0.25525793357715454,0.29332612595427493,0.36324775413453053,0.2888499179842086,0.2751293391498474,0.3353763436256538,0.28782673575089673,0.3115910401162966,0.27498494300355075,0.4744945637308785,0.3542591783766895
greek_italiote_pelike_iron_age_-400BCE_44,0.23269189048437747,0.3989819744259468,0.24809749632155056,0.2971560358919312,0.2962444895022018,0.31875490841054793,0.2884367876295192,0.31414952086640274,0.39923042235348816,0.0,0.3997473369257272,0.3880538829152779,0.4602076377479609,0.44681166265539796,0.28469927823704916,0.3941774509392195,0.38877887532893857,0.34977639247719666,0.4004100664066462,0.419570648253566,0.39867767592109554,0.3887622843363606,0.3731412155713222,0.42918214673841254,0.3220715047491819,0.4050751750064307,0.2990025230856438,0.34644585960906193,0.36773628268293995,0.3330647852472313,0.30487832977018947,0.4056287107705499,0.3384320281566763,0.4108796329395539,0.33504585338376464,0.3410174773921189,0.22713863797169614,0.23878334694592745,0.2251789074669711
greek_italiote_pelike_hellenistic_age_-300BCE_258,0.3625407576267864,0.2789444912450236,0.3087903348172374,0.369729619336532,0.24095004403782747,0.27570565341712955,0.2703589935921023,0.3837475407546333,0.25604346523475613,0.3997473369257272,0.0,0.23872086425975567,0.24340254225776084,0.4398971995149215,0.2963674830294337,0.24576764111877694,0.3668493136344576,0.32136768113712055,0.3335925623948781,0.3158781117211551,0.4265340264556802,0.3435681632513226,0.2955545865274481,0.31527574333056857,0.3934088457926138,0.28451774048309175,0.3262845712994326,0.2861865490177106,0.31381980777321195,0.2996366778940991,0.3726168274059174,0.3132879836560384,0.32806160935200346,0.38790074840978056,0.31522940016314505,0.3563511044698231,0.30231739379178296,0.49489697383293935,0.34077514019671507
greek_italiote_pelike_iron_age_-350BCE_204,0.31616753688909793,0.25394392120582737,0.36732407717329285,0.263352160437827,0.2159054582844201,0.2768713700339674,0.31206080103820577,0.3137394470177042,0.239275483731873,0.3880538829152779,0.23872086425975567,0.0,0.3342154548239926,0.4907845224127366,0.36159771276996944,0.33433481442619617,0.4060437665399716,0.39422080334899534,0.4300043068307895,0.31540488949097406,0.43864396653487964,0.3121227145738197,0.3029764484258576,0.3297899493207626,0.3522250970180749,0.23877508804633316,0.31480077236857107,0.27244554949208233,0.27460273467255314,0.27630966751317604,0.37115003764307125,0.2731731080466355,0.2915634491071441,0.36349729523578495,0.31936425055723083,0.29448310311914905,0.29720182678921764,0.4337213084747467,0.3200624443422525
greek_loutrophoros_iron_age_-450BCE_158,0.47791418397320834,0.3979819832555575,0.37814047954738134,0.43162152860728875,0.3496840879268469,0.3833216844307051,0.37654784670928376,0.46962608850850657,0.2929629715215305,0.4602076377479609,0.24340254225776084,0.3342154548239926,0.0,0.37267506206639905,0.2871429044290604,0.19440805879640038,0.32224077313966837,0.25986071762244844,0.296635168805462,0.28103754968919753,0.4755764886867202,0.3158811691977664,0.2735954991596672,0.27368366268771,0.4508789030273637,0.26775928695562445,0.39022232194006895,0.3052330408102358,0.3139903115277625,0.33781485470158235,0.4275965263662304,0.2837894105602755,0.41537500546721473,0.36238439673002754,0.31262873465097807,0.4028540540472504,0.32741174900182524,0.5836964333570873,0.41578844725551856
greek_loutrophoros_hellenistic_age_-150BCE_295,0.46546476001500137,0.6020577758201193,0.4934147777041856,0.5410882493422994,0.45840431750589206,0.5503182766402673,0.5461492579656996,0.4030724805449239,0.46671598059071706,0.44681166265539796,0.4398971995149215,0.4907845224127366,0.37267506206639905,0.0,0.3345420242862318,0.3356876059578972,0.16471811296484207,0.2590560087370429,0.3335955465666615,0.46991043661961474,0.3786486723813511,0.4554735595003197,0.3938757494418978,0.3756609220215189,0.4558360397707342,0.3776470497471455,0.3659949232402496,0.41749206020478713,0.34850987714391163,0.3887193891928359,0.4164630988031433,0.32815118238543034,0.3822917931168655,0.278362313279081,0.3210334550462861,0.377607464519633,0.36104341645541527,0.5641177708046075,0.5002252504672243
greek_loutrophoros_iron_age_-600BCE_288,0.37323109795172055,0.42134312605765284,0.2736607354055727,0.3750102871117233,0.2657952744730772,0.3309865442824275,0.31955167180102906,0.4094409956362306,0.343075148595859,0.28469927823704916,0.2963674830294337,0.36159771276996944,0.2871429044290604,0.3345420242862318,0.0,0.21335709348730042,0.2856544266300356,0.18072081288953906,0.30725904558542466,0.3389165326809014,0.3819284837620914,0.3320582173880226,0.2660673764093774,0.2969469861962986,0.3723125259499618,0.3399065871554471,0.29148592047849375,0.29172691144440177,0.3123045206539054,0.2910472927783906,0.3326554213019021,0.3370342060948619,0.321508730287962,0.3866543680930849,0.28153701778717743,0.35100483879539457,0.2241251567975476,0.4587668907367563,0.3042364827147173
greek_loutrophoros_iron_age_-500BCE_213,0.4375813854982164,0.4096689182244281,0.3379520824139228,0.44078879520457886,0.30947627493154634,0.33241417546793584,0.3570794621888901,0.43116832309883607,0.3012842113579327,0.3941774509392195,0.24576764111877694,0.33433481442619617,0.19440805879640038,0.3356876059578972,0.21335709348730042,0.0,0.2557174520249662,0.163713217444649,0.26780741639268923,0.28804556241132767,0.4162949722492767,0.30898390362157696,0.2250886155761013,0.22149997606085772,0.38833463204813545,0.26521664168400455,0.2927972971950405,0.26403062195214116,0.25298722093614606,0.2765816059600969,0.34061267054436833,0.2571032120062011,0.2963401625478734,0.34284184189581385,0.22162625612129708,0.32698722879690895,0.2712467679360281,0.5358419249123528,0.361778638229118
greek_loutrophoros_iron_age_-450BCE_164,0.3718125227257984,0.5376167634811813,0.4234517920500574,0.48779265474388567,0.3863766183812496,0.4931529184410754,0.478823604230443,0.32549939416369206,0.3813476250517889,0.38877887532893857,0.3668493136344576,0.4060437665399716,0.32224077313966837,0.16471811296484207,0.2856544266300356,0.2557174520249662,0.0,0.2129292602731877,0.31439448666072894,0.37269432542261255,0.3287833446689241,0.37813885419484505,0.3348494293548542,0.2879303534208544,0.40420323768073835,0.32838875093321546,0.31137907492878253,0.3534153361484281,0.30429680738476905,0.3387853179817335,0.36487324446680247,0.2865319685466634,0.31122148142956013,0.23447143182809824,0.2487547414704027,0.3246267929810175,0.29395539743357724,0.5164252197519276,0.45500269881627325
greek_loutrophoros_iron_age_-500BCE_211,0.38328521138671634,0.4868952594243328,0.3209951208638963,0.43953478989212114,0.32747093110558745,0.3876911356424879,0.38554384249311263,0.3920135112928875,0.33935127119678804,0.34977639247719666,0.32136768113712055,0.39422080334899534,0.25986071762244844,0.2590560087370429,0.18072081288953906,0.163713217444649,0.2129292602731877,0.0,0.27371368096549753,0.37407066482765505,0.39517242294388755,0.3600872073476348,0.25961855688719,0.31542685199430787,0.37422996301382855,0.3253924453652397,0.27993840278107385,0.2859279715552774,0.2775324686625336,0.2992103438929391,0.3210897288043179,0.2766387979916238,0.28771889228077835,0.3225397286507386,0.21197746793009184,0.32856765536734805,0.24341187689076782,0.494458185846761,0.37128969810972107
greek_italiote_loutrophoros_iron_age_-400BCE_246,0.493295548054418,0.4705348982317808,0.3714924440009124,0.5093475954957237,0.4098125268350306,0.41809294990689816,0.36162656331124954,0.48459489815946094,0.4483396619241209,0.4004100664066462,0.3335925623948781,0.4300043068307895,0.296635168805462,0.3335955465666615,0.30725904558542466,0.26780741639268923,0.31439448666072894,0.27371368096549753,0.0,0.3885234998237089,0.38232875507430203,0.3792130088047467,0.34066518159188725,0.3110919250617727,0.5005417103116244,0.39291523201984974,0.38945730874278806,0.393666189478816,0.40586060894325043,0.4096482564578052,0.4305968920550702,0.41729501797318386,0.43559304162499923,0.4300359088601392,0.35961894277078854,0.4388368443831486,0.40336438376906225,0.5361204616742873,0.4245041127204565
greek_italiote_loutrophoros_iron_age_-350BCE_291,0.4347309362801042,0.33692598105289073,0.42484098159151323,0.3510554958656149,0.3081141020277054,0.34663629886123365,0.3281370351684309,0.4274451450586618,0.2815910377234596,0.419570648253566,0.3158781117211551,0.31540488949097406,0.28103754968919753,0.46991043661961474,0.3389165326809014,0.28804556241132767,0.37269432542261255,0.37407066482765505,0.3885234998237089,0.0,0.33443538167997117,0.23181024905028794,0.21797777442190636,0.194960367552604,0.3717891340574368,0.2495691917898562,0.3309152710407158,0.26700098490096974,0.27805195737257826,0.2943210353639066,0.3819436338889103,0.31198363757589687,0.3088909770593505,0.36453904799955633,0.3311095499661895,0.3459800854977027,0.32977431291434234,0.5011869366966817,0.3681291159237126
greek_italiote_loutrophoros_iron_age_-400BCE_247,0.35967644866401816,0.5379824852226079,0.5042770918509274,0.43357432351736847,0.42814467084770913,0.5010812871667909,0.4879196525606851,0.3380322376692405,0.48917196102063926,0.39867767592109554,0.4265340264556802,0.43864396653487964,0.4755764886867202,0.3786486723813511,0.3819284837620914,0.4162949722492767,0.3287833446689241,0.39517242294388755,0.38232875507430203,0.33443538167997117,0.0,0.2957942491913849,0.3493144389595344,0.3158019673191541,0.39933864460011675,0.40918766595850026,0.33002412119476193,0.410414877454194,0.3668453430505078,0.3679531785962674,0.3993052864750506,0.3987876680032359,0.3582269964153363,0.31110895884108697,0.34719291816184844,0.32183424648169523,0.35840265751054584,0.4368360209807703,0.4426143849959945
greek_italiote_loutrophoros_iron_age_-400BCE_244,0.39692887125293086,0.38169727087858374,0.4243810861682403,0.3357239930536778,0.33814211474033556,0.3656811464089375,0.343907605588564,0.40948063518429406,0.3469092933187337,0.3887622843363606,0.3435681632513226,0.3121227145738197,0.3158811691977664,0.4554735595003197,0.3320582173880226,0.30898390362157696,0.37813885419484505,0.3600872073476348,0.3792130088047467,0.23181024905028794,0.2957942491913849,0.0,0.20927351607494654,0.1878847064105273,0.34492340161827895,0.3034994280553154,0.29102545928662443,0.26596331597509787,0.2731994309417802,0.2637839064552942,0.37603255835313537,0.31905548605930295,0.3028317018500295,0.3683135861276924,0.3206067211570686,0.3004538257287208,0.31505276765834733,0.4713645526803456,0.3444831396772016
greek_italiote_loutrophoros_iron_age_-400BCE_245,0.37635711890496076,0.3680228694347514,0.35036047689026456,0.3034928536233637,0.29949287053390394,0.29903168535772684,0.30286241324355095,0.391371362833885,0.2799596359504477,0.3731412155713222,0.2955545865274481,0.3029764484258576,0.2735954991596672,0.3938757494418978,0.2660673764093774,0.2250886155761013,0.3348494293548542,0.25961855688719,0.34066518159188725,0.21797777442190636,0.3493144389595344,0.20927351607494654,0.0,0.2058002273183123,0.24922013676743252,0.2279017361811104,0.19422441650527997,0.15793697768289996,0.17687965105401432,0.1431870029047434,0.2771869455839942,0.23863733618495087,0.21676085950332988,0.33141969930840126,0.21006340255835174,0.24097748296397015,0.22359339149422897,0.4295187192256534,0.2764833422899879
greek_italiote_loutrophoros_iron_age_-400BCE_243,0.409637642201423,0.40971710357658453,0.4162178527923327,0.38889666320245264,0.31758599007172617,0.37225184887352025,0.36222478885148557,0.3926077608038322,0.31360260237797605,0.42918214673841254,0.31527574333056857,0.3297899493207626,0.27368366268771,0.3756609220215189,0.2969469861962986,0.22149997606085772,0.2879303534208544,0.31542685199430787,0.3110919250617727,0.194960367552604,0.3158019673191541,0.1878847064105273,0.2058002273183123,0.0,0.36594974011145187,0.26053763046763906,0.27823272463561294,0.2557267330832174,0.23566702585947466,0.26744638440964813,0.34665079061072285,0.29905626728115253,0.27114791110168485,0.33389139744218727,0.26552979917050246,0.3050421220449238,0.2838709050678317,0.5109489549397381,0.37759982711148504
greek_amphora_iron_age_-550BCE_4,0.310808500150963,0.40063540875612846,0.3849714939998808,0.23025567424091478,0.35742627929763515,0.3455182817909528,0.3733373033849767,0.35789877623075583,0.3469292885130428,0.3220715047491819,0.3934088457926138,0.3522250970180749,0.4508789030273637,0.4558360397707342,0.3723125259499618,0.38833463204813545,0.40420323768073835,0.37422996301382855,0.5005417103116244,0.3717891340574368,0.39933864460011675,0.34492340161827895,0.24922013676743252,0.36594974011145187,0.0,0.2799025509908851,0.19023816371489383,0.1936171929894214,0.22867983365417496,0.18600450842875602,0.20853281100888643,0.2879917881744549,0.2149254105961465,0.31507989835728095,0.2848754406966723,0.18492395105266196,0.2386948421234349,0.29786020937798713,0.2467797854949002
greek_amphora_iron_age_-350BCE_143,0.36960082851457887,0.32958469888920505,0.4018559842459197,0.2996405358587208,0.29697599357104587,0.34972694093038537,0.36329243563785946,0.3610404729303786,0.22441499348064298,0.4050751750064307,0.28451774048309175,0.23877508804633316,0.26775928695562445,0.3776470497471455,0.3399065871554471,0.26521664168400455,0.32838875093321546,0.3253924453652397,0.39291523201984974,0.2495691917898562,0.40918766595850026,0.3034994280553154,0.2279017361811104,0.26053763046763906,0.2799025509908851,0.0,0.25108708933756335,0.17455580791942685,0.1606406308039712,0.1794024660397039,0.29477056744352004,0.19219802340386205,0.2053035139126274,0.27440026447884097,0.21462045099409496,0.22308810129386933,0.23904034087121329,0.44110441775821013,0.3470207295910811
greek_amphora_iron_age_-450BCE_26,0.2982597466422334,0.4084611732184222,0.334261028874028,0.2703488086720633,0.30029218208474345,0.3320819424061259,0.3386557368993576,0.32435417763343655,0.31858476242223144,0.2990025230856438,0.3262845712994326,0.31480077236857107,0.39022232194006895,0.3659949232402496,0.29148592047849375,0.2927972971950405,0.31137907492878253,0.27993840278107385,0.38945730874278806,0.3309152710407158,0.33002412119476193,0.29102545928662443,0.19422441650527997,0.27823272463561294,0.19023816371489383,0.25108708933756335,0.0,0.1816520649531681,0.1835302687373018,0.14263129775156203,0.17959916061718867,0.26366879838853596,0.16152418087582388,0.28346391540694027,0.20958674897655896,0.11940555100911948,0.1476147540449309,0.3209121243451616,0.24762149534514052
greek_amphora_iron_age_-350BCE_142,0.3631226057039391,0.3381894417682069,0.3152660939360358,0.26390369535701264,0.2997110613666065,0.2781979641905759,0.27825017607114494,0.40165337782584715,0.25601416438695807,0.34644585960906193,0.2861865490177106,0.27244554949208233,0.3052330408102358,0.41749206020478713,0.29172691144440177,0.26403062195214116,0.3534153361484281,0.2859279715552774,0.393666189478816,0.26700098490096974,0.410414877454194,0.26596331597509787,0.15793697768289996,0.2557267330832174,0.1936171929894214,0.17455580791942685,0.1816520649531681,0.0,0.1469600873924897,0.129697614465713,0.21088408784222107,0.2368457146157551,0.20494414953960405,0.31974589078473403,0.2166379337628709,0.2151591840463567,0.19682480689877413,0.39528676175274996,0.24851937685706987
greek_amphora_iron_age_-350BCE_146,0.341650236271626,0.39010675394345945,0.37032433731545317,0.27991238027827076,0.299211871342097,0.3415557224842858,0.3546500118749748,0.34898359671548274,0.25525793357715454,0.36773628268293995,0.31381980777321195,0.27460273467255314,0.3139903115277625,0.34850987714391163,0.3123045206539054,0.25298722093614606,0.30429680738476905,0.2775324686625336,0.40586060894325043,0.27805195737257826,0.3668453430505078,0.2731994309417802,0.17687965105401432,0.23566702585947466,0.22867983365417496,0.1606406308039712,0.1835302687373018,0.1469600873924897,0.0,0.13750870426364797,0.219719115291631,0.17628441383418325,0.14003829839277665,0.270074384518153,0.16803366817033216,0.16175970809979331,0.20749041465254403,0.39929026856596334,0.3078668767863454
greek_amphora_iron_age_-550BCE_6,0.33929399511427677,0.37717554215513055,0.3411240884708216,0.24676070021795077,0.29958423124060934,0.30449473755651885,0.3255163918649791,0.3665919283881819,0.29332612595427493,0.3330647852472313,0.2996366778940991,0.27630966751317604,0.33781485470158235,0.3887193891928359,0.2910472927783906,0.2765816059600969,0.3387853179817335,0.2992103438929391,0.4096482564578052,0.2943210353639066,0.3679531785962674,0.2637839064552942,0.1431870029047434,0.26744638440964813,0.18600450842875602,0.1794024660397039,0.14263129775156203,0.129697614465713,0.13750870426364797,0.0,0.1809246192040588,0.19230473803364245,0.1368532582838717,0.30029022889587925,0.1879432102426857,0.1518172183608023,0.20134810145275278,0.3639777336691507,0.25589663666802714
greek_italiote_amphora_iron_age_-400BCE_81,0.3504420715472142,0.4144626050294578,0.33408343667042123,0.2647950206094478,0.36204175178566034,0.3321079256530219,0.3575333572746976,0.3783496879745456,0.36324775413453053,0.30487832977018947,0.3726168274059174,0.37115003764307125,0.4275965263662304,0.4164630988031433,0.3326554213019021,0.34061267054436833,0.36487324446680247,0.3210897288043179,0.4305968920550702,0.3819436338889103,0.3993052864750506,0.37603255835313537,0.2771869455839942,0.34665079061072285,0.20853281100888643,0.29477056744352004,0.17959916061718867,0.21088408784222107,0.219719115291631,0.1809246192040588,0.0,0.29493651634694007,0.18105877109611612,0.35001340472157944,0.23542580484196388,0.20174538797695893,0.21576955188823033,0.3150254614773023,0.24979944889336944
greek_italiote_amphora_iron_age_-400BCE_86,0.3782396539177617,0.4001013148750886,0.3869488566938689,0.33177623330046196,0.319255988466932,0.35272373341872754,0.40570274680710555,0.34931356389563706,0.2888499179842086,0.4056287107705499,0.3132879836560384,0.2731731080466355,0.2837894105602755,0.32815118238543034,0.3370342060948619,0.2571032120062011,0.2865319685466634,0.2766387979916238,0.41729501797318386,0.31198363757589687,0.3987876680032359,0.31905548605930295,0.23863733618495087,0.29905626728115253,0.2879917881744549,0.19219802340386205,0.26366879838853596,0.2368457146157551,0.17628441383418325,0.19230473803364245,0.29493651634694007,0.0,0.16918836355991296,0.2708319158083784,0.19041152925080396,0.22055964531136596,0.24971576992599903,0.46588939296906834,0.37507915459601276
greek_italiote_amphora_iron_age_-400BCE_88,0.30694697088037887,0.38934173348327694,0.3627381666089887,0.2837544070610468,0.30154273553308286,0.3371806718179962,0.3773108552886788,0.3158814817806633,0.2751293391498474,0.3384320281566763,0.32806160935200346,0.2915634491071441,0.41537500546721473,0.3822917931168655,0.321508730287962,0.2963401625478734,0.31122148142956013,0.28771889228077835,0.43559304162499923,0.3088909770593505,0.3582269964153363,0.3028317018500295,0.21676085950332988,0.27114791110168485,0.2149254105961465,0.2053035139126274,0.16152418087582388,0.20494414953960405,0.14003829839277665,0.1368532582838717,0.18105877109611612,0.16918836355991296,0.0,0.2662593677063435,0.16784360400508966,0.12221088808072222,0.1878939915110355,0.3810679836671595,0.315415044650236
greek_italiote_amphora_iron_age_-400BCE_90,0.32320371450232854,0.463199049327999,0.4886234848429296,0.4203484721967826,0.4030073618905444,0.5142971716022764,0.5198430634427702,0.2737727346915531,0.3353763436256538,0.4108796329395539,0.38790074840978056,0.36349729523578495,0.36238439673002754,0.278362313279081,0.3866543680930849,0.34284184189581385,0.23447143182809824,0.3225397286507386,0.4300359088601392,0.36453904799955633,0.31110895884108697,0.3683135861276924,0.33141969930840126,0.33389139744218727,0.31507989835728095,0.27440026447884097,0.28346391540694027,0.31974589078473403,0.270074384518153,0.30029022889587925,0.35001340472157944,0.2708319158083784,0.2662593677063435,0.0,0.2611748068517935,0.240390347444547,0.2994423553016108,0.44631664355760126,0.43286744113731507
greek_italiote_amphora_hellenistic_age_-300BCE_221,0.3381074584684148,0.43031654872907543,0.34502724300189214,0.3528328178861849,0.2776934759230109,0.35484377379433807,0.3733383593194288,0.31089789452331085,0.28782673575089673,0.33504585338376464,0.31522940016314505,0.31936425055723083,0.31262873465097807,0.3210334550462861,0.28153701778717743,0.22162625612129708,0.2487547414704027,0.21197746793009184,0.35961894277078854,0.3311095499661895,0.34719291816184844,0.3206067211570686,0.21006340255835174,0.26552979917050246,0.2848754406966723,0.21462045099409496,0.20958674897655896,0.2166379337628709,0.16803366817033216,0.1879432102426857,0.23542580484196388,0.19041152925080396,0.16784360400508966,0.2611748068517935,0.0,0.19757649977700797,0.1999056781847127,0.4180003519049964,0.3081275293373921
greek_italiote_amphora_iron_age_-450BCE_265,0.2770028733310175,0.4187652161378532,0.37782815712998014,0.28220250911400124,0.29935909264714833,0.36084930614454863,0.3760737343412044,0.2910346083190315,0.3115910401162966,0.3410174773921189,0.3563511044698231,0.29448310311914905,0.4028540540472504,0.377607464519633,0.35100483879539457,0.32698722879690895,0.3246267929810175,0.32856765536734805,0.4388368443831486,0.3459800854977027,0.32183424648169523,0.3004538257287208,0.24097748296397015,0.3050421220449238,0.18492395105266196,0.22308810129386933,0.11940555100911948,0.2151591840463567,0.16175970809979331,0.1518172183608023,0.20174538797695893,0.22055964531136596,0.12221088808072222,0.240390347444547,0.19757649977700797,0.0,0.20535599853256703,0.33987016251822083,0.2921857523322598
greek_amphora_iron_age_-1000BCE_155,0.2577496867064738,0.3894937662813253,0.2598154960826372,0.25361241149268776,0.24170448164953867,0.30633477158253763,0.2852939700763597,0.2894414366778362,0.27498494300355075,0.22713863797169614,0.30231739379178296,0.29720182678921764,0.32741174900182524,0.36104341645541527,0.2241251567975476,0.2712467679360281,0.29395539743357724,0.24341187689076782,0.40336438376906225,0.32977431291434234,0.35840265751054584,0.31505276765834733,0.22359339149422897,0.2838709050678317,0.2386948421234349,0.23904034087121329,0.1476147540449309,0.19682480689877413,0.20749041465254403,0.20134810145275278,0.21576955188823033,0.24971576992599903,0.1878939915110355,0.2994423553016108,0.1999056781847127,0.20535599853256703,0.0,0.3284051717005255,0.23443303377814353
greek_amphora_iron_age_-1050BCE_277,0.2521687924747788,0.4566533289244682,0.37798992455583513,0.28322513084776163,0.394222216750251,0.3904201713478837,0.39471315229321335,0.35939810784514836,0.4744945637308785,0.23878334694592745,0.49489697383293935,0.4337213084747467,0.5836964333570873,0.5641177708046075,0.4587668907367563,0.5358419249123528,0.5164252197519276,0.494458185846761,0.5361204616742873,0.5011869366966817,0.4368360209807703,0.4713645526803456,0.4295187192256534,0.5109489549397381,0.29786020937798713,0.44110441775821013,0.3209121243451616,0.39528676175274996,0.39929026856596334,0.3639777336691507,0.3150254614773023,0.46588939296906834,0.3810679836671595,0.44631664355760126,0.4180003519049964,0.33987016251822083,0.3284051717005255,0.0,0.27750788492730794
greek_amphora_iron_age_-1000BCE_152,0.31624407395857235,0.3249838758480796,0.21986080553577253,0.2171605132754712,0.2773017331908876,0.20888180747655816,0.2025427139292985,0.3878277869160697,0.3542591783766895,0.2251789074669711,0.34077514019671507,0.3200624443422525,0.41578844725551856,0.5002252504672243,0.3042364827147173,0.361778638229118,0.45500269881627325,0.37128969810972107,0.4245041127204565,0.3681291159237126,0.4426143849959945,0.3444831396772016,0.2764833422899879,0.37759982711148504,0.2467797854949002,0.3470207295910811,0.24762149534514052,0.24851937685706987,0.3078668767863454,0.25589663666802714,0.24979944889336944,0.37507915459601276,0.315415044650236,0.43286744113731507,0.3081275293373921,0.2921857523322598,0.23443303377814353,0.27750788492730794,0.0
