"","PC1","PC2","PC3","PC4","PC5","PC6","PC7","PC8","PC9","PC10","PC11","PC12","PC13","PC14","PC15","PC16","PC17","PC18","PC19","PC20","PC21","PC22","PC23","PC24","PC25","PC26","PC27","PC28","PC29","PC30","PC31","PC32","PC33","PC34","PC35","PC36","PC37","PC38"
"40",-2.47306223637985,2.17558442833924,-0.93064067318077,0.807339935589809,0.203474846060859,0.272855573386061,0.481992967701861,0.223728084232216,-0.0587643095284767,0.322989406896723,0.0885040951922101,-0.0534054699275466,-0.018334160977528,-0.0456367367027408,-0.32843906236835,-0.147114107093674,-0.01769191594011,-0.071768846225611,0.0585734357822415,-0.0833200126340248,-0.173624256265115,0.00940264379118103,0.0549062682842266,-0.0701553915296509,0.0702153600420786,-0.171619861577634,-0.100727965361093,-0.0237270618795057,0.0694734841942531,0.0563135297462467,-0.0136807899162541,0.0728378963114042,0.0118667268622389,-0.104328012989142,-0.063871270091652,-0.00126909687238933,-0.0232773416994115,-0.0337380476585361
"41",-1.76993973093725,0.439775731906432,-0.694003992471892,0.943506813038893,-0.0714775862475293,0.436332991608504,0.231814130199102,-0.189748969836864,-0.277333689400957,-0.0407573072720528,-0.329431847050089,0.0783693890137171,0.0171152324851489,-0.103416457391296,-0.338382518236311,-0.294671543136476,-0.231866945881268,0.0690726224163412,0.111266368581166,-0.130391753769334,-0.0442845895782889,0.0524482068449267,0.246397457179363,-0.232258661649484,0.00318215942659651,0.075497861578132,-0.0868461454076342,0.0810611038565422,0.00984944595671436,-0.00959616634129538,0.0145942324343636,0.0108625852866076,-0.0552376107720146,-0.139150878069441,-0.113200490397317,-0.0351245773298135,-0.0975835695292952,-0.00468765114801085
"42",-0.308666398101396,0.696632939909016,-0.30605701576685,0.284537006868673,-0.445255467560823,0.606202579463019,-0.17993624953778,-0.11339435924658,-0.0663695049808476,-0.258080948595203,-0.412106019787655,0.346413990219875,-0.136250767933728,-0.344548188763642,-0.0766188825534209,0.246963799277126,-0.550435868377185,-0.239259115944836,0.0493101120792702,-0.0299056685061201,-0.205390212749237,-0.109852244937205,0.0921694407433619,-0.40882382706453,-0.0353589606136232,-0.0313882518798463,-0.0819077229825023,0.10198720693069,0.0790199592879139,0.196677511127092,0.104800682201529,0.0958919593963194,-0.207306150075362,-0.0857613284742299,0.00956659015716551,-0.0634223337626122,-0.0516171565123706,0.047780381740688
"43",-0.188926865566788,0.664362444530631,-0.34303276887011,0.335459120125345,-0.482607193378574,0.660313070610372,-0.196409879045389,-0.143922777148651,-0.072847707287364,-0.273731103389199,-0.457444817799087,0.378828445829247,-0.136126805162252,-0.379368225639608,-0.100264279124929,0.260005251153936,-0.606362096801115,-0.269580628305461,0.0458909568702771,-0.0353682919046608,-0.233735867194402,-0.116016055604553,0.103845865925191,-0.455539664617662,-0.0340071756311149,-0.0441344133636983,-0.0924689960225113,0.110115323958079,0.0826580978163966,0.22283804166185,0.117566714700503,0.10783773685279,-0.230737664823507,-0.0971952705684792,0.00998072016805143,-0.066676630563375,-0.0593957657629701,0.0542250675361791
"44",1.76461931898507,-0.406367272593915,-0.593503005726933,0.15565030688052,0.632210408382527,0.329106840850127,-0.356143490640019,-0.000724246533433128,0.144399284498358,-0.0217569606300013,0.0615299533872918,0.254909640014382,-0.158202500804354,0.0515377702398056,0.102536375582538,-0.134854630926838,0.119172738920659,-0.0191263321878104,0.0177536716829629,-0.0148278952038395,-0.0843886105420805,-0.00482129611323567,0.00603107470103466,-0.000537419094273182,0.0222956978543564,0.00426748553788724,0.0123929457485431,-0.0147394618583648,0.00967433026748572,0.00231709236902029,-0.00332439561489794,-0.0303132582045436,0.00834642588114302,-0.0222689848622472,0.00331355019478519,0.0423733427725888,0.00315877606399961,-0.00303447151896427
"45",1.42110673781024,-1.50657631502697,-1.58603466392223,0.471301447359766,-0.317264852112063,0.549653206391806,-0.489120493770725,-0.0702543858422652,0.0935317028700737,-0.18444524909334,0.341941811320147,0.400504309315309,-0.484313241713355,-0.0255122850641816,0.195050518810756,-0.26314838039159,0.146427974733509,-0.10596990436543,0.06285186964651,0.0710202939882094,-0.0237874728573214,-0.0523617147329254,0.0293522269064392,0.0256919872574866,0.120200685551065,-0.0399550531667324,0.0326405221011198,-0.0155191493385372,0.00335398152625803,-0.0260266453648212,-0.012333068705654,-0.0090036168274844,0.00510090732223943,-0.041937251446412,0.0169577318389931,0.069291792773565,-0.000886261065135586,0.00327830660612964
"46",1.98008783855211,-1.62072788863936,-1.30564401122572,0.622497347050659,-0.608235141161406,0.123831738692584,-0.210645975384139,-0.0938740125392756,0.0163599423469212,-0.156745206265234,0.239746300709744,-0.0287695492396058,-0.16376522200192,-0.174030488273286,0.0658736991694824,0.0163055663032973,0.254057108192701,-0.0864928867835716,0.0436537732305258,0.0649403339283613,0.03231415481504,-0.17353013542576,0.238665804324097,0.00328738752196297,-0.0790598321404478,-0.0748444158390485,0.11452567669059,-0.14590392295931,0.0848346228535494,0.0509449540625532,-0.0367249735833469,-0.00213801789421864,0.0675070151095791,-0.015249170100205,-0.0101691857039697,-0.0321512040155277,-0.0376882860288822,-0.00299728741141442
"47",1.85944706992491,-2.54031162866885,-0.869403426550603,0.521619567032696,-0.0563530106690265,-0.193917930903568,0.238686436554824,-0.0019125385348197,-0.0188136302117264,-0.0983221938725132,0.203807914355641,-0.17211524076278,-0.2394587969663,-0.186239257959624,0.104098429838311,0.0912841093420186,0.107094700469881,0.015051309546317,0.253521114216073,0.00182420306163126,0.0338305791776737,-0.100883895214479,0.183303237059245,0.117938148868097,-0.0222910886355151,-0.0703091618150036,-0.20637508737728,-0.19358195351142,0.00425518592518058,0.0586704412554667,-0.107927508753888,-0.0591531831466384,-0.0921442190296366,0.0153585932217743,-0.0206987293527813,-0.0579623179538763,0.00887184118435863,-0.00149265355744285
"48",1.76228056584262,-2.60139216763137,-0.440979981044599,0.376538018000999,-0.51334988524388,0.0624295280190263,-0.161078458743132,0.112192754000167,-0.0500359387795354,-0.0778866736746468,0.119961554833357,-0.0443162368042071,-0.313705529613835,-0.137596418544403,0.0134924568800054,0.0907856251533428,0.19743713884734,0.0757771483433476,0.292332287459353,-0.0464768982766896,0.0829487053018222,-0.160969216112933,0.243463885386426,0.145210832367838,-0.0393287639809638,-0.110427272948021,-0.289270773515815,-0.271240914143051,-0.0226427866107867,0.0900530498214026,-0.0947389656777306,-0.0819890446195257,-0.098282545302468,0.0231487799868697,-0.0198063266083714,-0.0690939598448213,0.022274705807104,0.00314690043463566
"49",2.09678187740526,0.657489687409559,0.366234345876507,-0.149571382617012,1.55031399167474,0.115847562898625,-0.227560189790068,0.0665085426737261,0.193586146873276,0.135555932936138,-0.209616797115375,0.114125574167531,0.157133192747756,0.126042009381966,0.0130789985058658,-0.0107998440372601,0.09281804522362,0.0648478355652658,-0.0258544336285816,-0.0978395684888401,-0.142987421880229,0.0411483362742504,-0.0165195217148548,-0.0259001778318036,-0.0723744044289885,0.047028864308136,-0.00718562904507485,-0.0139855360857002,0.0157858479324693,0.0297243227204243,0.0053866212904008,-0.0509188062593278,0.0114847090387459,-0.00325057882325064,-0.00987981310792137,0.0163443071243143,0.00707016084391955,-0.00913866870906098
"50",2.87414612872108,1.84891750392497,-0.325815552405496,-0.329632189284477,1.24887575586165,-0.109798865502059,-0.234678093765101,0.197409602375994,0.0752502626627296,-0.0116464311769426,-0.235075583332703,0.144027071372781,0.159479365253786,0.136812465162532,0.0713653031551581,-0.0602758085400045,0.212345966299446,0.0913122654542342,-0.0662150043931488,-0.188976791991716,-0.270837669418917,0.103125205717929,-0.0370315051153697,0.0391735544650316,-0.145620404541206,0.0928591215532235,-0.00577976015723823,-0.000571895942559223,0.000456215149020789,0.0711854483308876,0.0267777782924771,-0.0919350291335228,-0.025262304543589,-0.0233793550752085,-0.0192665701695504,0.00652842717985689,-0.00172000433690722,0.00241167196685543
"51",3.3408424127887,1.44064922110262,-0.671701372432085,-0.565759318413128,-0.291344080593366,0.139525690711967,-0.141879888780836,0.449598541763698,0.186877199664249,0.132321238233884,-0.0885850927072602,-0.0618714245948137,0.331716765273292,0.172651903641306,0.123136149384705,0.111690342866096,0.18516059263985,0.235348449690055,-0.00907913203824239,-0.319644320144294,-0.3658488957541,0.181744077287003,0.00706108930338246,-0.171797132047844,-0.0253641949286201,0.156738075493765,-0.00581881025816004,-0.00802279827111447,0.00774521845456515,0.0560238895710518,-0.0586895765356807,-0.106745822267103,0.0144721224264816,0.00219762055723388,-0.00609986496709865,0.0652012230313106,0.0622867437083484,-0.0186142768461464
"52",3.64819733676037,0.771022505743833,-1.3812997314564,-0.308394046353422,-0.212492596037141,0.0830581565458826,-0.451261457932678,0.304367157693078,0.220835264654724,-0.00441116337546533,-0.0331296862687209,0.130134607342498,0.431003034817588,-0.0553509837366167,-0.290872863400344,0.412887699928752,0.29587768927504,0.481512096978743,-0.101904390566938,-0.284118413893819,-0.603778691735212,0.18766452190754,-0.0747514465660764,-0.133294929648972,0.0256038108493091,0.265611588060416,-0.0243823542905168,-0.0275229465453329,0.120068375909733,-0.0100048289028676,-0.0285241054241635,-0.138404473543694,-0.00372313455332398,-0.0107517628107812,-0.0239826819859302,0.0739103677885499,0.0976656920924876,-0.0387980297386835
"53",0.684491993761137,-1.50705730521166,1.62352791020782,0.177557187119526,2.09795709497123,0.525794595542969,-0.214628615229399,-0.171308210621633,0.408574901321076,0.402988361599417,-0.163364109056037,0.0598015144525327,0.152870743464886,0.10647459846053,-0.0928136486950553,0.0790864660580225,-0.124336362716627,0.0167681270562435,0.0474713279978594,0.0677355509724114,0.0892867159060826,-0.0714492080392174,0.0207459771822047,-0.144124001037237,0.060696526991877,-0.0362340443765448,-0.00973976554499864,-0.0383549976925784,0.0436362221468705,-0.0456008908651512,-0.0334761313797136,0.0235981226224249,0.0782454784574826,0.0333187218908705,0.0071737393495324,0.0341774759652497,0.0230398447333306,-0.0301229489375746
"54",1.04314176686946,-1.13429518567688,1.5082554396461,0.35129926191638,2.34538448744529,-0.142995803348448,-0.315273567010538,0.0242731679119538,-0.645481682570339,0.0977807531281848,-0.431643121741742,0.187524760746736,0.0677256309524621,0.103400644852358,-0.0628482465388748,0.200022660812797,0.00804084109427292,-0.120769926240051,-0.0108192652367859,-0.0704988660360778,0.156749352651756,-0.0245903014715976,0.0587264019830972,-0.180656062404655,0.180718188140712,-0.0477340534911087,-0.0108549074831354,-0.0481075657135104,0.0664091014447268,-0.0737995870827635,-0.0702284268440025,0.0865430002106312,0.0882428765642037,0.0315322823427683,0.0111054520733043,0.0501893268422322,0.0691555571225901,-0.0245710082897488
"55",-1.43234837399116,0.999471720403207,0.0409377187839508,-0.19333575269135,-0.0947324599847547,0.0984088515123131,-0.025341353738967,0.173096094013477,-0.00557555486336204,-0.111213857254122,0.0133707551381906,0.0422242313697432,-0.137414082413416,-0.0177835270924271,0.14527864266441,0.124577782702613,-0.0256025612043752,0.0452896558779117,0.0813967838725206,0.0213576972685862,0.0606163459921341,-0.052008667272546,-0.0174066386175207,0.0295756182638264,-0.0480446324879815,0.0882266457066728,0.0172033383879658,0.0257098204379762,0.0448782635278727,-0.0488230016891388,-0.0150006926583037,-0.0162118256418115,0.0125842255837911,0.0215391960285006,0.00568023433918999,-0.0328827568843086,0.0213803141422076,-0.0126990365046866
"56",-1.87567478371487,0.695615586681206,-0.585120274122864,-0.988535464057223,0.206670373247516,0.0297816277510317,-0.263221876715786,0.193700697356776,0.108574329246767,-0.196839106789017,-0.063356546569268,-0.0123339475217272,-0.133217824933164,-0.0260867217134402,0.134866376314558,0.15427403218715,-0.141078380135948,0.0788720019267791,0.0849327561706791,-0.0450397884140124,0.0572841257462458,-0.0278623314960596,0.0298849229532704,0.0936486784936432,0.00863680103278905,0.0630504908168623,0.0710442918076469,0.0157558084159142,0.0210524518868839,-0.00893628448786875,-0.0189601154385218,0.000364372997278633,0.0242529124410462,0.0311287631847607,-0.0360488932471785,-0.0286567372038275,0.0268627952510772,-0.0025683920805891
"57",-1.17488659228776,2.53426837915165,-1.71295080233255,-1.37283402824241,0.505328962967676,0.544096789767226,-0.213041795710543,0.192098856585975,0.125750475665336,-0.00608794167064383,0.0551919897030871,0.0907560985039666,-0.0160204571992295,-0.236907971452278,-0.00709603672269314,0.40728552524011,-0.184931748796539,-0.0870524676440758,0.263701161753485,-0.00438823411742798,0.255567117360359,-0.0764354580726307,0.140481561981904,0.207845264143559,-0.017516290812796,0.170349019400061,0.0761781803004967,0.1061679896432,-0.0555210952879023,-0.0129776079519521,-0.0233643330703899,-1.06516835830488e-05,0.035886705209109,0.0280924258054027,-0.0821022434303839,0.0131587604440612,0.0997002085031806,0.0194343338292749
"58",-0.892243030657733,2.95789916132484,-1.14931282167631,-2.32682633648564,0.382127238224132,0.369006016927087,-0.0771100806992406,0.0352143453566057,0.0528405837394761,0.0715724522434784,0.114969716361308,0.140401241301827,-0.134175680428123,-0.225695373786835,0.164714579442769,0.531775093156566,-0.308777634564083,0.028784740387086,0.370543731493881,0.0310646374235056,0.281953132504053,-0.0791435000737483,0.339929974673771,0.34064773751983,-0.0545581971969823,0.133523246293128,0.0453362053438398,0.222530495124894,0.0866633395954416,-0.00070155293399421,0.0672002744238854,-0.0110781542904798,0.0633591805370316,-0.050796918919265,-0.0984511904102789,0.0944814889677316,0.150356002843353,-0.0222143855996353
"59",-2.35198925824114,-0.554087175716055,0.181448015655134,-0.72733390429876,0.00367692820155377,-0.319790124646458,-0.297328471558694,0.194789442792775,0.0968999784859667,-0.326489609023663,-0.143932082018055,-0.082402595513102,-0.212874992834884,0.117205094582486,0.231355947622288,-0.0176938146414519,-0.111271950025817,0.191648198074933,-0.0365732569281903,-0.0726699967427555,-0.0774856379477513,0.00515204223975185,-0.0452858356978126,0.0160310939624797,0.0264126373725814,-0.00987859515342436,0.0675548702824803,-0.0456958985604135,0.0730982616356136,-0.00618946185910048,-0.0159666394743355,0.000619271247540599,0.0163456104104813,0.0331925129183118,-0.00474717104204647,-0.0570780591280007,-0.0226436242968579,-0.0175232913755678
"60",-1.94575488553993,-1.4873716415164,-0.316808767213026,-1.28422818929743,-0.169836564820358,-0.129707091206531,0.0420503793016073,-0.101576370892293,-0.0973992053949877,-0.0885731993026753,0.0345499319742562,0.101086942447041,0.0550755122699687,0.23990926674957,0.0187488725359069,-0.00755083809314113,0.0605531850914648,0.037285746085249,-0.0161438274297194,0.00176262502663371,0.0192202139673318,0.112586868787869,-0.0715812376059556,-0.0274771199765958,-0.0790855153414722,-0.0158801301348142,0.0196105314874588,-0.00333438661061347,0.0680669674491415,0.0354768160405095,-0.000284691168508712,0.0102328326823218,-0.0108846830707764,0.029363757340632,-0.00819178594020799,-0.0147295593172387,0.00534304920134814,0.0186298817672723
"61",-2.66300802661704,-1.62891115474896,-1.40421941346768,0.895323813250363,-0.159976856809446,-0.648546166481459,-0.57990350047736,0.0962261797964559,0.0734236983308595,0.0828756574755167,-0.12558649855247,-0.0225853598327679,0.281606914788852,0.219759527351066,0.0527478478565559,0.0539460808427433,-0.136260472373466,-0.0684705775100214,-0.145219323790181,-0.031615261428926,0.0408671429643943,0.123569765312102,0.0359894765365147,0.0311556197172187,-0.161056817663828,-0.0409914984955105,-0.0522252052998554,0.0175208504431517,0.0145297459377357,0.000280362558283854,0.0338439818939103,-0.0643794520975878,0.014577868409274,0.0112947954829898,0.103312544381899,0.0587949406793914,0.0313470649238267,0.0292865584362098
"62",-2.46072208670143,-1.61253793613801,-2.12331107972531,0.709027152603723,-0.0973143400305432,0.147231184368245,-0.225704322190977,-0.157600186023335,-0.36069324452785,0.010632998090427,-0.381079604002538,-0.10122207177269,0.770418960368439,0.105913459563127,0.309452990046488,-0.0130296950626834,-0.115854335127495,0.0712875687746434,-0.102801330487975,0.0147480530313778,0.0547340886329071,-0.0566518574881608,-0.0696849662037112,0.0711083815367043,-0.0246078372300831,-0.0839496903732126,-0.0603863752330248,-0.00424256005750381,0.000248030017807334,0.0376204897080554,0.117828804742917,-0.119773827010286,0.0393629691437386,-0.0128339469483497,0.124963407038335,0.0244734950972483,0.0336497639646494,0.00196360084864509
"63",-1.64958287520938,-1.4289263872895,0.132210663601086,-2.1842204810637,-0.173907888284315,0.0845347198944348,0.298870908006988,-0.183254060024502,-0.167936314135995,-0.159368779932153,0.100674324939667,0.152154372187972,-0.038465048300128,0.248229605112019,0.00470983346697574,-0.032944475384187,0.141822535134826,0.0809552139070867,0.0371547181633783,0.0155452007533603,0.01028164805333,0.108051752304517,-0.115999913294742,-0.0516880650276369,-0.0452374859528984,-0.00551100935498807,0.049273328845062,-0.0119460428452003,0.0901738438285649,0.0500103242084655,-0.0143772857239418,0.0410421371148349,-0.0213988162660199,0.0368248898913063,-0.0542347514997119,-0.0450896898282727,-0.00539466831025156,0.0142294697345804
"64",-1.01355141314816,-1.07262661029733,-0.0889680771884118,-2.15858212350164,-0.431834076718505,0.206176287294719,-0.166469260894927,-0.200311314390825,-0.226308328491153,0.116880574979844,-0.238808000962753,-0.0582778165833151,-0.133889466590945,-0.0558276124507571,0.028256083508562,-0.104428373343832,0.164081576847583,0.102573355677359,0.0117871693314816,0.154319594082817,0.0553184017618524,0.255648015234136,-0.155257850722579,-0.037561489841454,-0.0480781114728653,-0.0426460550357949,0.00285757876850542,0.049246472422302,0.141070182038611,0.0650716146856135,-0.069663878761871,0.0388227630823423,-0.00238480393686638,0.0551848289643697,-0.0572520133392436,-0.0602550344546143,-0.0121024227962088,0.00670558006001517
"65",-1.15424313201231,-0.92628386748117,-0.494169564125992,-2.19028167521825,-0.221064626036836,-0.212191004565965,-0.124836541049228,-0.0868200052419383,-0.0832780507653967,0.231931952912853,-0.129510580838865,0.172284994483485,-0.104325532008542,-0.156844663027022,0.0955511672822705,-0.166808039417792,0.253974810271967,0.29361093755176,-0.0448713604437916,0.180690313980836,0.185941943915923,0.248355226544794,-0.149915578603396,-0.11587033387155,-0.0128791832214237,-0.0502233051435042,-0.00992255051471516,0.0946987711245478,0.156345284277219,0.125620736333251,-0.0705638485702775,0.0575788379241813,-0.0130572735025745,0.0650237300321627,-0.0617457115350904,-0.0917990541328261,0.000238922611250842,0.0142490484221761
"66",-1.1389101260402,-0.949407578282816,-0.859751823805092,-2.13077387528939,-0.235534538031507,0.098837651156718,-0.0894243730927468,-0.115303125500402,-0.101554464599772,0.446115022049362,-0.163569081504776,0.23824110778415,-0.168992156375388,0.00027234934031862,0.166562569031023,-0.0786221878138628,0.283662994119486,0.367745654898283,-0.144766473021202,0.159827320915045,0.273322131686318,0.356732153848783,-0.144218456396875,-0.101887282594567,0.00702003113298531,-0.0905723638492737,0.0375046333537946,0.0989844003622767,0.223462221761032,0.117031721573454,-0.082601295372757,0.0591966752229935,-0.0807213908690133,0.0782563199694903,-0.0815073828427291,-0.13632674011358,-0.00788123406325544,0.0092777718685547
"67",-0.622619744645725,1.55446011107965,1.18442267562001,1.25908386007541,-0.645239936374675,0.223755383126882,0.409143634281584,0.135462114044239,-0.214068500857809,0.0451792978174703,0.153511950163489,0.141873876516999,-0.145078479894232,-0.00261787430884569,0.164296481383065,0.0703380558007114,0.185312183631782,-0.0160479645298169,0.0749383867646747,0.142631647781171,0.0667025932203601,-0.0961115651445556,-0.103783922917339,-0.0874528061654606,-0.151572368412202,0.134210491793848,-0.0811363058537141,0.0438906649225981,0.0883957291693269,-0.121675455637467,-0.00776886998655436,-0.0464879885533635,-0.00872844518868766,0.00402400428909144,0.0818978215236529,-0.0406015145500105,0.0113666496811528,-0.0312024972595352
"68",-0.13670829205365,0.893675148335778,0.942502347140987,1.27779392067175,-0.612604146108868,-0.262738085848156,0.0136371224208744,-0.442446024673156,-0.147851846530667,0.0446948781194604,0.0755179496307021,0.0775240270830487,-0.0475983664766603,0.0136189727524961,0.00277772199044363,0.101696187647993,0.143035320885442,0.073696440897342,0.24248558128521,0.0623632665396606,-0.0532311114464399,0.0195958727223895,-0.030339084293819,-0.0431687259711996,-0.038936262690493,-0.101149349691131,0.0815438912627559,0.115949157365682,-0.105008484460067,-0.0573429227858266,0.0534856648253713,-0.0360023496214753,-0.0315799610534764,0.0759517281145342,0.006529398439401,-0.0394093405155895,0.0310467694014454,-0.0403689126510081
"69",0.0595414463363086,0.753122911274696,1.08916526355025,1.07338518501654,-0.513780657831525,-0.193769074530377,-0.107090465921111,-0.211729493647003,-0.376480163633951,0.156081830183556,0.333249641413249,0.17186336905859,0.0454098330843197,-0.130954075846625,-0.00890506936536938,0.0310288043121162,0.0429863613192343,0.110103539446007,0.285894946811001,0.0243680112213341,-0.0830742649859897,0.0327079521852662,-0.027496352305581,-0.0419439231879456,-0.0920401318458657,-0.150972168278088,0.11554603171527,0.119424234036135,-0.105155886251891,-0.105596660491208,0.0515200999341623,-0.0436898497439389,-0.0448021661899828,0.0945157905909529,0.0221351190092809,-0.0557220987366662,0.0267462781185587,-0.0423022909382279
"70",-0.16738256533789,0.36162891184889,1.26755507372986,1.37684667152618,-0.516318363070081,-0.20313508532556,-0.143334980576104,0.0138311369650524,-0.282320760629864,-0.082883144434286,0.296509117764347,0.151062435209799,0.0337167289485034,-0.327806798791706,0.0411413803947213,-0.0522888631549809,0.130502673446629,0.0328086107898698,0.355099116369938,0.0499913245938194,-0.0604817603610583,0.0834018067029946,-0.0849588516683769,-0.184072142770573,-0.254302162150464,-0.292067027964552,0.203066890500002,0.13387856737998,-0.187361482549667,-0.218645028756698,0.125681996684195,-0.097908086402099,-0.108533492212909,0.0567857055713461,-0.0536507409852607,-0.113400747764828,0.179048595072443,-0.163636640501759
"71",0.188895715238056,-0.435334309263846,1.35729142987345,0.718101506800877,-0.234450900778092,0.402666815987716,0.271068642081357,0.323379182560351,-0.118568637595684,-0.23514647600842,0.296242708742537,-0.0831522155349914,0.0180005029814959,-0.262817891199598,0.0572042955988867,0.140429806347189,-0.0503353278963644,0.0945119063782675,-0.291179612058551,0.0716347963266682,0.0758657925198535,0.205830371479875,-0.0101957385588399,0.0727956941149158,0.0155099982773636,0.0200906209209809,-0.00605575118299761,-0.0473429232965131,-0.127096230049198,0.0766553854481398,0.0803874862392292,0.0392984451802067,0.0269240573768031,-0.0286738698838818,-0.0609160384547682,0.0464541501186714,-0.0116758700908529,0.0142245334234874
"72",0.03621209149573,-0.149002447527943,1.41527074157457,0.571420261643646,-0.68966021820301,0.238998833840492,0.564659403445714,0.429453620669158,0.134578866747455,-0.270185223230098,-0.180785949307117,0.187237276277967,0.257517649482437,-0.354122813014836,0.133721515806868,0.0658108514511288,0.0116981972077477,0.0833130058416121,-0.286391095115995,0.090336345882436,0.026898127938532,0.0612350844114397,0.0177965731583464,0.101778053364635,-0.00741213600771609,-0.0810658715536952,0.0156177850269519,-0.0418483395776189,-0.0666213494244723,-0.0337747562135137,-0.00439465450314859,0.0454162193587197,-0.0440371544672491,0.024477216892488,-0.120019457794563,0.124021302929202,-0.0223486289058219,0.0699947708937903
"73",-0.347205945814175,-0.56208787116386,1.36377642031461,0.556203400699972,-0.685798953685638,0.477175354048247,0.892452021763667,0.420214993237486,0.207981063631833,-0.349738631153197,-0.353834298110457,0.310443274540049,0.268527809807495,-0.497777161836411,-0.0243024355155891,-0.134697151506391,0.0556797587014223,0.0147013155146714,-0.323312792973899,-0.0329832638808891,0.026657862713066,0.0781426055021009,0.119519758763243,0.195530808962611,-0.0083169684696352,0.0211290440622147,0.052230362816328,-0.00780947044504045,-0.0450605474642653,0.0550787514737488,-0.014694153717217,0.113397856883643,-0.100324634242604,0.145700083122816,-0.005867971067998,0.14702168209734,-0.0205089828649129,-0.0810063922398303
"74",0.281894836736178,1.1367315803234,0.914368516332611,0.776035909885268,-0.511294066132984,-0.184591710533213,-0.0715759751562197,-0.432746963712405,-0.468743042037695,0.39023365881147,0.369250150738499,0.192245338029784,0.0568674189506861,0.0619337108329444,-0.0579435016561297,0.112668317490282,-0.0427672289388033,0.185841621637519,0.218084662576603,-0.000739206651362291,-0.105211719563475,-0.0169648450709277,0.0288087582021262,0.0973216012602431,0.0669536753991522,-0.0127191901652127,0.0297879863770199,0.10526103464061,-0.0246060453082323,0.0051747284753071,-0.0211480547454322,0.00943634282378701,0.0176455065411985,0.131485929900097,0.0963945276537479,0.000794807828114909,-0.12248842071566,0.0765881860913638
"75",0.459882827145368,1.16526664754165,1.25283170350809,0.2559869079461,-0.788274123785505,-0.391065359625992,-0.212482254408953,-0.554148094980837,-0.223241766753779,0.325680043098312,0.194247277696484,0.0844342755804676,0.227927380784828,0.10100584172324,-0.110732997990247,-0.230037244005057,-0.180786918144813,0.0439728492860709,-0.0307424302889807,0.138018944176701,-0.0617503159399045,-0.0376782791617028,0.0497216738096967,0.123258070128409,0.10089009086011,0.0794096503483464,0.116987272201062,-0.0540956238121903,0.000216437054854823,0.0347798986722914,-0.103605389534703,0.0150168652153113,-0.0666254178688897,-0.0344673838258921,0.066394255922804,-0.0494453550120394,0.0711891271732893,0.0532327234822399
"76",0.640736265034363,0.718486129191695,1.24410896835912,0.221033803658313,-0.925891942714085,-0.447233910259971,-0.645054447036523,-0.63215885285025,-0.0205735252264514,0.219529229714599,0.201515578469226,0.026069369969858,0.406439195906588,0.00783979618379792,-0.039093060517487,-0.0377616405053703,-0.0700676068141458,0.0957995865668132,0.100599637380313,-0.105635992884603,0.10344636759175,-0.0630783557005087,-0.130680132117723,0.150639829793934,0.0245557202020093,0.0432368129200266,0.110453837014113,-0.0256951804961071,-0.0230944725707998,0.0205595454730999,-0.168840431210321,0.129947571479324,-0.103833670229392,-0.168249924971395,0.0748975721628889,-0.00214384222302043,-0.0088596345102574,-0.0128560092820915
"77",0.494105843406816,0.934890742621989,1.21822667728888,0.274094011698224,-0.808071958629986,-0.335851094580033,-0.523236274734913,-0.898417267898509,-0.144358615826166,0.221200341641236,0.153141721826813,0.0349858081414516,0.268115010397348,-0.0222604297498546,-0.0813581105533437,-0.0181823617023271,-0.113997846716615,0.248292901145389,0.077146795000186,-0.123711191841466,0.111416680005254,-0.0964346268378985,-0.161585550470729,0.150728706866537,-0.0501665164710443,0.0146231975819925,0.165219351585222,-0.0412574389053854,-0.068962256043428,0.0448257865102599,-0.258916948953794,0.136672152621872,-0.111719183505604,-0.209336513768676,0.121562133003609,0.0289190234137039,0.00940385034448822,-0.00234792301790513
