,PC1,PC2,PC3,PC4,PC5,PC6,PC7,PC8,PC9,PC10,PC11,PC12,PC13,PC14,PC15,PC16,PC17,PC18,PC19,PC20,PC21,PC22,PC23,PC24,PC25,PC26,PC27,PC28,PC29,PC30,PC31,PC32,PC33,PC34,PC35,PC36,PC37,PC38
greek_pelike_iron_age_-500BCE_57,-0.8922430306577329,2.957899161324837,-1.1493128216763058,-2.3268263364856443,0.38212723822413214,0.3690060169270868,-0.07711008069924055,0.0352143453566057,0.05284058373947606,0.07157245224347841,0.11496971636130837,0.14040124130182724,-0.13417568042812292,-0.22569537378683507,0.16471457944276907,0.531775093156566,-0.30877763456408264,0.02878474038708599,0.37054373149388115,0.031064637423505598,0.281953132504053,-0.0791435000737483,0.33992997467377095,0.34064773751982974,-0.05455819719698232,0.1335232462931276,0.045336205343839794,0.22253049512489448,0.08666333959544159,-0.0007015529339942095,0.06720027442388543,-0.011078154290479765,0.06335918053703156,-0.05079691891926498,-0.09845119041027894,0.09448148896773158,0.15035600284335332,-0.022214385599635324
greek_pelike_iron_age_-400BCE_137,-3.0480131122275482,-2.2123159070059284,0.6185121397942009,-2.2405910485291427,0.39318949972272393,-0.18291627282778933,1.3220054563871468,-0.14575060038576965,-0.03959488019910984,-0.7667529643776007,0.8470876359049421,0.6148276095558398,0.17134279902756272,0.9167544064566251,-0.04706085712092964,0.12422580679450687,0.09288200493323537,0.03342381817750767,0.09292986364217953,-0.2895754093605537,-0.08873980280231283,-0.21646533413451016,-0.029684235507140035,-0.08274789628480086,-0.038991856835286026,0.07613710686365985,0.15132675269705256,-0.14648885830899605,-0.021730963640818918,0.01689535228003236,0.1071802912478031,0.04592183244347876,-0.0632045622930382,-0.0035427577504890534,-0.04760075547736417,-0.011745936027873771,0.00935354346099869,0.030772102369140145
greek_pelike_iron_age_-300BCE_293,-2.0375891351353523,-1.3289758401560134,-2.752456814622626,0.45161967270063547,-0.7326861545611798,-0.20245866577879013,-0.13776256711702273,-0.3959859539558084,-0.460501445389461,0.043061474203635715,-0.45059165653979893,0.631287689242893,0.9266550922402935,0.27251832502849876,0.408382796292701,0.15301763353089154,-0.4146078141490883,-0.023136107447868946,-0.24432970209170315,0.16307738288900517,0.024736093401352285,-0.02594295258405116,-0.11313313470295572,0.08699398482025947,-0.05670140157018415,-0.12458347466988072,-0.1541669091754021,-0.056919278896164154,-0.08879434737653863,0.0539304340996729,0.0035096895115226748,-0.19734822307644745,0.16040846778201018,-0.013566103243939948,0.0680977168425156,-0.010964952727512974,-0.02448540667251533,-0.12565450994856114
greek_pelike_iron_age_-450BCE_37,-3.014144973869379,0.9671520026123388,0.9935988300554466,0.18039512749290848,0.28650122585788096,-0.629622515734584,-0.8505107253552622,0.6778611143096439,0.4136046292844433,-0.7142896602378688,-0.4348549916576394,-0.38148769141574684,-0.6496301528694294,-0.08280079953131492,0.5779021766263809,-0.03422670881849624,-0.3913442505304928,0.4432565964084138,-0.06987290958802599,-0.1939940137285015,-0.23511467400021677,-0.16996505576289989,-0.002424739152875808,0.08694880667342332,0.1983729871168182,-9.618638272938101e-05,0.14570339758223672,-0.11474450484574328,0.08129919298572841,-0.07410484744483348,-0.04152797155424587,-0.015050684520248596,0.06073056569369864,0.03943332502056319,0.0008674977211835175,-0.12610545582887472,-0.06826146725543121,-0.07645240186774196
greek_pelike_iron_age_-450BCE_32,-1.291906672996887,-0.6949002502999599,-0.897640979510192,-2.2171806493509663,-0.15337372021381573,0.2867953078157367,-0.18370238404656705,-0.25619857799219137,-0.05112915681571353,0.19916658945805105,-0.07791499507108735,0.28694889272581103,-0.09232479655925582,0.025501601315210138,0.20023537738338926,-0.11533543933320678,0.3185904290009107,0.4303404285730089,-0.15540613794175653,0.17524203672057698,0.32496761483329095,0.46209166450430905,-0.14552288517457324,-0.11582405076240046,0.0023971902200052575,-0.13674404251920008,0.011983511537309685,0.13071076726253356,0.2932401625306909,0.13961784485134507,-0.1289515818791488,0.07192806718742531,-0.0793060793704531,0.10292840832680207,-0.0889175858097905,-0.16779229626522632,0.0025457883757578695,0.019870990802350608
greek_pelike_iron_age_-350BCE_74,-2.9460212170946507,-1.6518185146940267,-0.39815627928086017,1.1559668036970754,-0.247646414092329,-1.7618983207030694,-1.0754546967354552,0.451348288866233,0.6807858367478009,0.1839485522584679,0.23186750417564364,0.0874332936834872,-0.40227777151744537,0.3790387085014493,-0.30640188510801647,0.14765021090544234,-0.16481018774031336,-0.2640026984857017,-0.20456527548174686,-0.09648101310697589,0.021466246701101824,0.3757133225115378,0.1838359418139859,-0.02474128837061701,-0.35195916760510365,0.019110231488933274,-0.040807116915760416,0.047969492815596246,0.03451093686815758,-0.05196127381992814,-0.08365707960403408,0.013121429995826491,-0.020098345064069184,0.04505271449878745,0.07302136487853435,0.10681321530617928,0.02812541638747855,0.06751342384943056
greek_italiote_pelike_hellenistic_age_-350BCE_114,-2.9798103774274645,-1.9604044002675378,-1.3514917663471084,1.0248078269011331,0.6821429628325788,0.5762214247294255,-0.33358893660314015,0.13484515615927847,-0.23825118891875519,-0.02914939695622016,-0.2958040602216121,-0.9998456329451321,0.5787526145004475,-0.09847297387576243,0.18808852567154766,-0.21673215704360224,0.2506485150991361,0.18712403226207328,0.07082192488155005,-0.1672184376788357,0.09153483414876128,-0.09432472814912918,-0.016383904591809013,0.051620344443179145,0.014763696929452758,-0.034101240711655184,0.05466109835027838,0.06037984252733952,0.10948285872293011,0.017611882189434276,0.2580724655193817,-0.024607613863684763,-0.1091324405275375,-0.01193575700919327,0.1947247286642037,0.06794844366661382,0.10496845055103216,0.15852211692314278
greek_italiote_pelike_iron_age_-350BCE_202,0.41224724135593804,2.9588651832061372,-0.8105832407603245,-3.1961631223392253,0.32307182417625935,-0.32079868410721163,-0.11632376334972555,-0.7006606335281969,0.2262134321728817,-0.2743243344673334,0.27077104673148467,-0.42399173742797347,0.03941776696904778,-0.15909416866442078,-0.08349000381464512,0.09921429739105525,0.16125730910209102,0.007291521592926439,-0.3790402145103873,0.16422132909057546,0.09686181278720699,0.04971840561635894,0.23695459052348886,-0.18080056286401008,0.10760496624891305,-0.13167916381011638,-0.1436572930535224,-0.12094815906604973,-0.15765928585308756,-0.26332749912120756,0.07344382019494695,-0.018655256512252152,-0.1208263132771834,-0.0013569024764967762,0.1755159640414654,0.027243590897213735,-0.09565510509093403,-0.046315244434862166
greek_italiote_pelike_iron_age_-350BCE_209,-0.5827574076067443,-1.5207238890047359,1.1517472471992023,-2.0615190058702835,-1.0772040859697052,1.487204928519965,-0.29394745427197355,-0.5478184459910788,-0.6642629341540365,-0.23540344246598713,-0.5734735647261681,-0.7642545272969459,-0.2244133858460377,0.25348369739080173,-0.17779953174847263,0.08657637398096327,-0.11116892411014613,-0.48237823755811826,0.18527396149688735,0.07357320655130954,-0.34464713563340704,0.2779783249098779,-0.17161573463710647,0.2022179432438628,-0.155856219627516,-0.01944473266058622,0.04198996786506695,-0.08992716179786762,0.09429825735426614,-0.12032805813939272,-0.06690819703618144,-0.018607799814914575,0.030293991591034318,0.025058396255042296,-0.04349243842529731,0.03633184853866282,-0.04989126825756469,-0.016392303579804694
greek_italiote_pelike_iron_age_-400BCE_44,-1.704169824053181,1.7409700348665786,-2.768429052843609,0.4136285010094414,0.7360386478275542,0.8719748053380882,-0.46758988095854304,0.4858835111471538,0.2622828028255078,-0.15151614118097542,-0.05674881719443009,-0.002210256257379667,0.2052390614676544,-0.2579048761566526,-0.3288315740589287,0.17416420293611495,0.046984203160291615,-0.30397123088012235,0.06362591405921236,-0.07077789576877683,0.20615620812851676,-0.07136433169054743,-0.233008992097005,-0.04084294898843576,0.05184902502424988,0.23930960031649945,0.1339333971005716,-0.11173445470220165,-0.32177813212889805,-0.0359659613245292,-0.19295718656295124,0.020714545499639116,-0.015558728192243493,0.17582197990147092,-0.05148692198602994,-0.13912759032494054,0.0048412901489520085,0.09742644761065959
greek_italiote_pelike_hellenistic_age_-300BCE_258,-0.3426887337727535,-2.2739092292001146,-0.6625698814185528,-1.6810975700841122,-0.6631141275967141,-0.8793276084470713,0.4012152565918871,0.6179420070117965,-0.36397678437084313,1.7312788295160904,-0.6093282656838488,-0.015242915953271985,-0.5679828080503697,-0.13102518993683454,-0.008676747680263122,0.11244013889127917,0.10189437657355345,0.04199125824470776,-0.08939575397679328,0.0796063830950416,0.004549801110457094,-0.19157758209910972,-0.1374299757536725,-0.029357848597325983,0.03107812199307465,0.14971330929275858,0.17032111548460688,-0.06612528693061287,-0.13967466109229332,-0.0005105032673286894,0.1586138848924697,-0.007059765442247554,-0.0880869250218512,-0.05014164019862795,-0.04294336136132677,0.027425641400144453,-0.06214532360473674,-0.04585123395435897
greek_italiote_pelike_iron_age_-350BCE_204,-1.211480478326139,-0.8399642087252565,0.8705307719666597,-2.4124213234449856,-0.16704916648009516,-1.3732454588268848,-0.2570283972798862,0.019506061629612985,-0.015053109751482607,-0.5676027583516348,-0.0023718970679978274,-0.07392588584695671,0.13707175046593179,-0.7433546314587318,-0.1695308526111391,-0.4960014237689276,0.1431503011443801,0.016869736357421554,0.32803211093381124,0.25857082621842226,-0.14024393754005665,-0.15621043604032966,-0.17118265156482568,-0.1680683666591649,-0.08716195761337288,0.10039771794749561,-0.1869658617029997,0.07870073099472637,-0.09419889481414984,0.15768309991644971,-0.025628660217700286,0.05153953200334624,0.2395295007912509,0.015627131984165155,0.012023621525434874,0.07442057609951072,0.03055106235389278,0.032806575774547514
greek_loutrophoros_iron_age_-450BCE_158,1.7184633049198206,-3.4418998125976916,0.02149710169506667,-0.5678671171537074,-0.48927204056587215,0.46844759276905173,0.15473476444560452,0.6831505893151549,0.07307024697444914,-0.06753311048316672,-0.0697009149169586,-0.15060392147561444,-0.11361921155163698,0.21877672809279292,-0.13225125140109076,0.14463051324992832,0.24008892110719757,0.024445028419284344,-0.23963894595944665,-0.03755626832609478,-0.17660256841985464,-0.31336963021849795,0.23433523671073442,0.20984998024778756,-0.008097461713786246,-0.1396382670428984,-0.24004586971084588,0.3285688527907686,-0.17148803803654164,-0.03935850613418407,-0.16166835881932579,0.07429877494097244,0.027475585766403562,-0.07317908505703276,0.05359290502244507,-0.20973662534223392,0.052344695157139645,0.026706431844991683
greek_loutrophoros_hellenistic_age_-150BCE_295,4.614370335676146,0.9248723981694753,-1.6212879120190251,0.24273745682306574,-0.9808268031079368,-0.36058620774122574,0.45931341264403636,0.8214022274745032,0.011257620517029915,-0.5432364236618668,-0.3205995314987432,-0.2865742370746768,-0.11678236728279902,0.6332049058078113,-0.6284823386394904,-0.21116897722214117,-0.47958417024837513,0.30275772031505643,0.1318392413064868,0.17454225772593693,0.30832440922954363,-0.06452954857311423,-0.22132601132000176,0.024731875663940014,-0.055103997891012335,-0.09618199541668215,-0.009287140496436544,-0.023501426253767943,0.06998224462325446,-0.05330124780030765,0.13042332040179672,0.1252317109004625,0.024443271628691983,0.06050156239779963,0.030278247427647856,0.022950498588787935,0.0062574931322348926,-0.014919570651012952
greek_loutrophoros_iron_age_-600BCE_288,0.8257036029778138,-1.3849868647134118,-1.8846949824404216,0.310253940511518,-0.007335550364382781,1.00322030626437,-0.7857398266931999,-0.04509575389512549,0.17573181316904563,-0.21395016851361762,0.45079616668650657,0.8577487505781587,-0.8257474969094896,0.13268305222543317,0.33264422861600884,-0.5608109591131316,0.03178595306971442,-0.12671600349120357,0.08330087368926153,0.07749641147140343,-0.08354456471784007,0.07670178567426199,-0.19359978344250223,0.0495564236391322,0.3324445999238451,-0.0027923729261433803,-0.0545800971185684,0.12336122218957592,-0.08343576719698033,-0.10801355249155783,0.013648161445844962,-0.016316563762440443,-0.061371451331673314,-0.07036427210078722,0.04585218233469844,0.17734460209906933,0.038313706523240475,0.009962805144671193
greek_loutrophoros_iron_age_-500BCE_213,1.777725659561957,-2.305122636516809,-0.6039979729392482,0.7094302507488397,-0.5218370558195721,-0.08068729237866457,-0.2723990827901083,-0.08906348818634388,-0.09342949046114604,-0.08153618873911433,0.1868154511892992,-0.006851018385983412,-0.38423371575198856,-0.2632139613333835,0.06486548171081195,0.0718059051652747,0.18240286330326147,0.09387114569375599,0.47984618912973814,-0.049621320422683426,0.1744376222988702,-0.10724977703450547,0.2466816318031944,0.1224262567024916,-0.05033744823768406,-0.10013072469446391,-0.3066220007851903,-0.4826671390818338,0.029823497441042825,0.13566917387855337,-0.0711471042085384,-0.13707875058164232,-0.14261087800562963,0.057103273536975516,-0.04567873368243479,-0.01951899546327789,0.011675371346901905,-0.005157570519349077
greek_loutrophoros_iron_age_-450BCE_164,3.6481973367603717,0.7710225057438327,-1.3812997314564024,-0.3083940463534216,-0.2124925960371412,0.08305815654588262,-0.45126145793267813,0.3043671576930777,0.22083526465472403,-0.004411163375465328,-0.03312968626872087,0.13013460734249838,0.43100303481758795,-0.05535098373661674,-0.2908728634003436,0.41288769992875185,0.2958776892750396,0.4815120969787434,-0.10190439056693755,-0.2841184138938191,-0.6037786917352121,0.18766452190753974,-0.07475144656607645,-0.1332949296489723,0.025603810849309058,0.26561158806041557,-0.024382354290516828,-0.027522946545332883,0.12006837590973261,-0.010004828902867632,-0.02852410542416354,-0.13840447354369417,-0.00372313455332398,-0.010751762810781225,-0.023982681985930177,0.07391036778854987,0.09766569209248756,-0.0387980297386835
greek_loutrophoros_iron_age_-500BCE_211,2.1104333077109976,-0.6271701105434253,-1.7769770798282323,0.7314900342970456,-1.2045123038320669,0.4671421322675557,-0.6961240165881376,-0.1932331397236732,0.05436298119789672,-0.21986793871015567,0.278575677241773,0.12610729402082682,-0.08198263181025858,-0.16083960901474778,0.02457405801834746,-0.06470447267807203,0.41284160700955774,-0.19620559884264518,-0.1830959178827767,0.1331337131892315,0.03067574478797651,-0.2520202542365052,0.29848190037598027,-0.12058622043941677,-0.14039522141152178,-0.07974449912138903,0.46124064810399945,-0.09439053049999285,0.1718961082080035,0.04259800581197469,0.04020530427973459,0.05946361601913224,0.24000106709939134,-0.04831911250446789,0.0012073856039808706,-0.004263767669660808,-0.08799384769569478,-0.004622958466398467
greek_italiote_loutrophoros_iron_age_-400BCE_246,2.2280340557009013,-2.308611497451804,-2.4945653885481534,1.071965299385226,1.6771980942048725,-1.166334692091046,1.7551363610281272,-0.43475435201550666,0.09962365136660443,-0.1758413643277627,0.5218668711586404,-0.6569021547220333,0.04218537299471298,-0.37075878687524033,0.44779899600994616,0.09317503653237427,-0.2356061856399942,-0.215303318237344,0.10629657943138572,0.1850473983396494,-0.15249188066642821,0.12704102118045066,-0.04490742296887459,0.014483194919374068,0.04233885209889935,0.08187305156401832,0.10807762836268361,0.10100600648625851,0.10628872839081127,-0.0603749150260508,-0.1579563266590853,0.027471332445288023,-0.06885937205504251,-0.014192346019043477,-0.024083929229702497,-0.015736055209605464,-0.04196997430256527,-0.019092126106510454
greek_italiote_loutrophoros_iron_age_-350BCE_291,0.19026387264653533,-2.0207325833631113,1.7823761817352417,-0.061863622884629224,1.7569961228369895,1.4474040514724362,-0.07593742078819049,-0.44082411300159435,1.8610905421096917,0.8235718784306367,0.20633090350455774,-0.11620422923317686,0.2702027819446562,0.1107105813889276,-0.13410670257806864,-0.08756655532936046,-0.3067553731926368,0.20629891379915571,0.1277971849566843,0.2582259438684449,-0.0036784403668047062,-0.13602192238861321,-0.03159197308553461,-0.09378193085109672,-0.10469624481597264,-0.020386751770632316,-0.008203072798520908,-0.02491572146704514,0.012254639913582166,-0.0067424007879733905,0.017169426755013206,-0.06314145151585777,0.06446882041167612,0.03578047909119274,0.0017557434718513051,0.012112755539208625,-0.0405087299401607,-0.037773658350085365
greek_italiote_loutrophoros_iron_age_-400BCE_247,2.1693511535835484,2.4654757326155856,0.1965339846453434,0.026962066519397306,3.574883565221843,-0.4863235998892379,-0.37482000362701273,-0.18344086361993373,-0.09332640480708587,-0.22906339687172866,-0.4563024609036552,0.4549706770975522,-0.10062995682282726,0.08268849414773177,-0.006817946908852304,-0.31997549662923036,0.2534007494777569,-0.12620816989742872,-0.1525004047928732,0.008354578322425234,-0.12735370096077014,-0.015603371141361025,-0.10361921975552224,0.35777707635218814,-0.3272288191729304,-0.0036095397395946582,-0.005720787510898669,0.010680301044390605,-0.010551485316758508,0.09408211752235805,0.1558487914494091,-0.06956807886049143,-0.08526840578012214,-0.06200516916536061,-0.039150653207290616,-0.08207800296558618,-0.09838165761601214,0.03416462046206081
greek_italiote_loutrophoros_iron_age_-400BCE_244,0.4868603224726253,-0.9090482424281954,1.8430422575815097,0.3635462374392374,2.676586769851233,-0.15297732070412695,-0.949980218981672,0.42096341355297556,-1.0278057931504692,-0.09399335100731479,-0.008000416983096843,-0.2490308127552775,0.14566262927757298,0.3673338029959423,-0.2105897697671676,0.20489613055722353,0.04093487990667398,-0.136808327513269,-0.14981465448038134,0.13894153910273407,0.21420429388348416,-0.28054607504606144,0.03658472183676936,-0.2380228065211451,0.210787008270564,-0.05883680156889476,0.03107390069463871,0.09592244336387919,0.09442185356094757,0.0543365185273393,-0.18336306394498347,-0.08600268039984105,-0.04993565879612589,0.06564329239534247,-0.08515739028480379,0.15432827953967404,0.015133070477057458,-0.09635457780451887
greek_italiote_loutrophoros_iron_age_-400BCE_245,0.42207717409233103,-0.87262600826568,1.2687442749496944,0.9421160140151392,0.46075379845237663,0.6526238048867548,-0.17730899242261244,0.16138019655840613,-0.505180527733111,-0.18163460621309835,1.0247703377896342,-0.49609641095320534,-0.34779483428374225,-0.12337520345344094,-0.05965432091968855,0.2543893544268787,-0.14507415794969078,0.11161508942236598,-0.298492730119582,0.04307341887594046,0.15065018120471602,0.4266591621232803,-0.05294615227663868,0.028533260166574044,0.050517136447393855,0.17457882279673786,-0.039156005605148925,-0.0557343605441052,-0.21945466733589836,0.24530648831694346,0.2098684533432068,0.02995525910090465,0.13529742771145292,-0.10984726392855297,0.02934787595289709,-0.07200794429727331,0.004623778879191923,-0.07094887951516289
greek_italiote_loutrophoros_iron_age_-400BCE_243,1.5764945673455464,-1.3502579670898394,1.1872677656784005,0.3395570786056275,2.0278336026826063,-0.13342570122069408,0.29327193404721547,-0.35606641660104726,-0.278916094015538,0.2816503690028692,-0.8378242468901461,0.6060865158367394,-0.006998983244347785,-0.1496537945007485,0.0788037103151808,0.1953500643017917,-0.023497380962703693,-0.10539259104328777,0.12244705319437514,-0.27130661854838906,0.10166257218156148,0.22081556278832337,0.07995545291089548,-0.12565384376710897,0.15188873573886727,-0.03708893519727739,-0.05105550645599517,-0.1862009885083594,0.03955097065370509,-0.19665421661898508,0.03824306027180418,0.2519767440296992,0.22072600995367792,-0.0011727501940166848,0.10340056108804743,-0.04965725732713713,0.12095136090374636,0.044253807304064315
greek_amphora_iron_age_-550BCE_4,-1.07691136821223,2.1722456601789695,1.41060046626933,1.241591323606071,-0.6757520102662031,0.6785911493888273,0.7789132588620635,0.6757639019723067,-0.27597622342938016,0.04563219475974775,0.22643062895048963,0.20203627322459586,-0.2362152472078702,-0.01779813724306889,0.3153046929604984,0.041020498964129584,0.22483795425085115,-0.09995241137919278,-0.08170597017878356,0.21767670597179062,0.17883182401494013,-0.20428954598219518,-0.17244946846658052,-0.12885517810438504,-0.2568788786159878,0.3542547075459063,-0.23323037664772645,-0.023478748473807168,0.26921450540027386,-0.18182166260874444,-0.06503737420080268,-0.05629129306304058,0.01263604866670983,-0.0632231500263584,0.15236177767439651,-0.041716109966072015,-0.007032821029039644,-0.022632570149846043
greek_amphora_iron_age_-350BCE_143,0.2596058667132087,-0.6529199694319286,1.8509664507166121,-0.37772524431547216,-0.6990118961914763,-0.044956493380865443,1.1860512734235078,0.5396365802181923,0.5105601570277223,-0.41181200257901796,-0.3723793269040583,0.35811938320954173,0.009667675071911765,-0.5721142981097331,-0.4656791364649198,0.02405892654419743,0.026468424988580347,-0.23157292380344124,-0.0807291571411794,-0.2831780164513503,0.2598899767472264,0.16971974070726617,-0.041299881729963135,0.12593011569062565,0.20789042253315787,-0.12711466009326125,0.17600992119258463,0.07755007529322555,0.07401113702021786,0.07366041963960467,-0.03816447084078699,-0.32047001844527334,0.002345864141788327,-0.040586825236543764,0.1258393727026779,0.02479016491440495,-0.05335036117142191,0.006019969756306802
greek_amphora_iron_age_-450BCE_26,0.14939173005366757,1.1154886579940948,0.6623996970020903,1.1631862351721631,-0.3050963443446445,-0.030882463690369566,0.03332166265146318,-0.342369927537902,-0.6515063936259239,0.4382905788874709,0.4995309876821738,0.27250525150167004,-0.07047811891345257,0.032846474577466256,-0.01864437676351903,0.36779537112525523,0.0599814877645376,0.2914557871471377,0.40332391807732226,-0.10403767089026984,-0.13756654860371645,-0.0015447352040688853,0.01324014437923993,0.07801320470210787,0.04168972097218508,-0.08130447816717132,-0.03512749609805592,0.2238940517728137,-0.04308513494298472,-0.01686483169921104,0.04023728368790811,0.005281924584172475,0.08038097122998439,0.25502982509436206,0.1187282210480654,0.03819608215708198,-0.26667161381165505,0.09397515330528403
greek_amphora_iron_age_-350BCE_142,-0.5732420581694271,-0.5282531073281481,1.1822991679327772,0.9040898389307266,-0.6808771606434854,0.6716683591171235,0.7830869236137239,0.37573070553058613,0.09527099349275284,-0.326616432032785,-0.3469263142421754,0.29268402524166426,0.36495266062851833,-0.47008673633717707,0.14010944887282056,-0.19383345365888474,0.06656091851547048,0.10643794700320416,-0.41367468249653505,0.060213750473802986,-0.06022060478594875,0.0440303169884808,0.17942473354619992,0.2214569194958007,-0.08885376277031952,0.07634950924874868,0.006122740013325204,-0.0396057200775693,-0.08941449723390527,0.04815711951706069,-0.005951510398754415,0.2750127196641127,-0.13856917699750781,0.21509156113780348,-0.054928677105616344,0.1925526628411733,-0.008275639143614774,-0.11342352739100209
greek_amphora_iron_age_-350BCE_146,0.549664594186895,0.40417899922717637,1.4842291252510789,0.5917978510482822,-0.6948310128372628,-0.0799541586711775,0.12569742497466385,0.4418254861387768,0.03628265210471269,-0.16365164259233847,0.05095095176056118,0.0222465298903691,0.24277344387960464,-0.16174875194454358,0.3453385640316517,0.33432022219033986,-0.047199508752130914,0.1751940356424206,-0.23694757310082015,0.2554792345898302,0.027219878011091804,0.03859345524028293,-0.11842556338223562,-0.02377051845976839,-0.0062004337744352295,-0.21791972317072206,-0.03341178026899579,-0.08743133475312519,-0.09549439828823492,-0.15276252271245574,0.009397872538699266,-0.04562107812763292,0.03133996540850295,-0.13785782734813987,-0.27288489666878757,0.09322045086292012,-0.02481218244753275,0.2722072845882561
greek_amphora_iron_age_-550BCE_6,-0.16738256533789034,0.3616289118488899,1.2675550737298624,1.3768466715261753,-0.5163183630700812,-0.2031350853255596,-0.14333498057610417,0.013831136965052442,-0.2823207606298644,-0.08288314443428599,0.2965091177643465,0.15106243520979895,0.03371672894850343,-0.32780679879170604,0.041141380394721344,-0.05228886315498085,0.1305026734466288,0.0328086107898698,0.35509911636993763,0.04999132459381939,-0.06048176036105832,0.08340180670299463,-0.08495885166837687,-0.1840721427705726,-0.254302162150464,-0.29206702796455153,0.2030668905000021,0.13387856737997997,-0.18736148254966717,-0.21864502875669833,0.1256819966841949,-0.09790808640209901,-0.10853349221290932,0.0567857055713461,-0.05365074098526065,-0.11340074776482845,0.1790485950724431,-0.16363664050175936
greek_italiote_amphora_iron_age_-400BCE_81,-0.9035343718958032,1.4428688534730132,0.3694317781252179,2.0765004602774964,-0.9987469697057192,-0.5322275486789909,0.4853680100979137,-1.3439476240791983,0.7454902673673567,-0.3905384144067853,-0.9315426685495094,-0.2910974466345152,-0.4110185353270464,0.5785235938623776,0.04842705212708065,0.37782186802202516,0.5339665500725815,-0.06856062852623696,0.0728678591538659,0.21082589852778422,0.06337800419675008,-0.03163825668631978,-0.04144677312166825,-0.04795451944316918,0.16856175561488385,0.09352829409664054,-0.051316046708899006,0.10237064540323912,-0.10443252680981471,0.13120369554812444,0.06116591159954089,-0.005964217438179417,0.02008447332935562,0.003414524388685225,-0.0544483823509827,0.024331118660080524,0.0478505057982732,-0.03281443178900205
greek_italiote_amphora_iron_age_-400BCE_86,1.1938044064400977,-0.09775988587830588,1.3417331206915724,0.020898590804759153,-1.3702913988062417,-0.8673533245593802,-1.1045344744174044,0.3721282869523432,0.44632542542665704,0.2132260440789887,0.38397457087261727,-0.0075621086331879445,0.9281774500962996,0.12137337146944946,0.12032442195506027,-0.11161176804008804,0.09563072416441251,-0.47938251503691465,0.18906027059601893,-0.03745903082141209,0.07338353462686317,0.06273653780802997,-0.01410949078600162,0.15030459869514526,0.3063968831730728,0.15116311414899408,-0.09611353843754394,0.03300334358205269,0.14991198457520766,-0.0709691064966512,0.17091479625008982,0.10458345158551657,-0.07409068699783208,-0.013277423013146314,-0.10111421070743673,-0.11930835129111482,-0.07774678297569099,-0.05249094775772931
greek_italiote_amphora_iron_age_-400BCE_88,0.33020525532663364,1.038170649675075,1.437369709955333,0.31102770912354777,-0.7778693986427064,-0.3620651909877841,-0.6123524039795452,-0.7633954886685002,-0.16056295016081398,0.19235770257348928,0.0930131559987198,0.10326222188128835,0.3819991547162954,0.03528423436918564,-0.0892514890159237,0.026812922606593084,-0.08432775286348829,0.31740601062278845,0.19945031263449609,0.00032838695590471645,0.09670690790626643,-0.0438455732126284,-0.14368914182858117,0.17694180466434836,-0.043253730272838936,0.02060777860779036,0.22751455158167494,-0.06483785052941175,-0.1024484147056844,0.06114338779683567,-0.3152710869516425,0.1695994070629592,-0.14530370415940635,-0.27478269586509707,0.17444345874585396,0.03284186223274277,-0.004528736498968509,-0.005580310013481471
greek_italiote_amphora_iron_age_-400BCE_90,2.804330699257287,2.6095342737353158,0.5669572656000084,-1.015010240870955,-0.4289854254824905,0.23809412463473562,0.3981694901449694,0.7031111184271767,0.12760077942401246,0.37099818583163147,-0.185386779657502,-0.39703275492881906,0.15840492788668625,0.5706485201149428,0.8458207968160358,-0.4140728629438396,-0.008104634626990265,-0.1943491732058984,0.1529545125465955,-0.3816575281674563,0.04947590494364146,0.17140948479963924,0.14987117752477153,-0.2390056944382601,-0.11433277809573258,-0.033309033661057766,0.026585286898693522,0.026016213791960924,-0.18832351178345688,0.17128210776699718,-0.11134573179224569,-0.05148320592436771,0.04623334614216041,0.024801767483440824,0.025115970710959765,0.04999873947672742,0.0005300619697373721,0.016618019776723267
greek_italiote_amphora_hellenistic_age_-300BCE_221,1.2159540883782398,0.4800270931358145,0.2530805763450235,0.11143123556631054,-0.9410895711708064,-0.22039940702300503,-0.13075249998229208,-1.493077943078146,-0.07299175596673857,0.34822861307862774,0.4179589517346411,-0.2657160380711618,-0.23345164454648637,-0.2756976827112536,-0.04659422436569233,-0.21634984475305719,-0.24467038076231057,-0.05609390652348793,-0.4615003239166066,-0.670004242468434,0.17620121371534375,-0.32804646245582847,-0.24040461586240566,0.03528141737080228,-0.08061169451150435,-0.011733994670716508,-0.10914013250390227,0.06259501791545324,0.07851692718780677,-0.02703992177564208,-0.010722991341369639,-0.008345513930969814,0.03619320397340574,0.07890047329612956,-0.11133692261251205,0.011642121908972073,0.07076551767383944,0.011888102045554377
greek_italiote_amphora_iron_age_-450BCE_265,0.22862140032414854,1.7365751134219147,1.2639856644163376,0.30068224171346714,-0.6122990716497436,-0.3192413494566826,0.34065770045127153,-0.4543939549276166,-0.4823982818526241,0.4614175156500791,0.18495313528542373,0.15906681508507975,-0.0003397594552315558,0.22013939469427368,-0.20234062431307234,-0.4759044551970336,-0.32236623349467475,-0.02229918485899994,-0.19869253577435908,0.44958608414678536,-0.27299109292260454,-0.005198620437505172,0.2804055885136396,0.08824438787254958,0.19850059625026611,0.12566468477561427,0.12534172518251435,-0.09041192014747942,0.03002463027171936,0.05296378950197647,-0.020187849936119606,-0.13194765714284198,-0.019046374689763876,0.13660341090274986,0.05552087099107235,-0.1099308811158056,0.17354930930912024,0.13774189739833914
greek_amphora_iron_age_-1000BCE_155,-0.1889268655667879,0.6643624445306311,-0.34303276887011014,0.3354591201253452,-0.48260719337857394,0.6603130706103724,-0.19640987904538948,-0.14392277714865054,-0.07284770728736398,-0.27373110338919937,-0.4574448177990874,0.3788284458292467,-0.13612680516225198,-0.37936822563960826,-0.10026427912492916,0.2600052511539362,-0.606362096801115,-0.26958062830546076,0.045890956870277104,-0.03536829190466083,-0.23373586719440226,-0.11601605560455308,0.10384586592519142,-0.4555396646176624,-0.03400717563111488,-0.04413441336369826,-0.09246899602251131,0.11011532395807852,0.08265809781639663,0.2228380416618503,0.11756671470050319,0.1078377368527897,-0.23073766482350727,-0.09719527056847925,0.009980720168051432,-0.06667663056337497,-0.05939576576297008,0.054225067536179124
greek_amphora_iron_age_-1050BCE_277,-3.174870228394653,3.9081479664648127,-1.1668349528970872,0.6714276271346642,0.47791324466747304,0.10968378221968797,0.7317040866510232,0.6364321277157292,0.15939644683597753,0.6860560831825009,0.5056586907932317,-0.18493397091527763,-0.05371728049312868,0.012034962669313948,-0.31851419615746207,0.00016746488625491926,0.1960827058921112,-0.21234700655317057,0.005979014362454994,-0.03633627385294658,-0.30272211768004265,-0.03356244399658609,-0.1362269207785083,0.0916448205546167,0.13712323961942746,-0.4182755890458499,-0.1145838327407256,-0.12831932227918982,0.12898605309568648,0.12210000522876184,-0.041902951070901986,0.13469734220899604,0.07884561046508178,-0.06957025053802543,-0.014634272580695322,0.0325230895170437,0.05088996790001482,-0.06273413338253381
greek_amphora_iron_age_-1000BCE_152,-2.7761075547400846,0.26291528273743137,-0.9611270258777491,1.397244112507249,0.1858892382717235,0.3193683487171105,0.5153271282265457,-0.2423233586583218,-0.42259424371928134,0.10888208621955725,-0.2725060888097579,-0.10619420153255102,0.12271623909993183,0.06261612799358666,-0.5186213152823361,-0.6676175495577208,-0.012514554869740228,0.28137614375286446,0.1539266911742726,-0.19958200275276028,0.06664557702766025,0.1642010792900353,0.352592009683573,-0.11068374184972657,0.029719860489363786,0.1490948853218323,-0.09024652344291326,0.06665232001188814,-0.03777829301988924,-0.15162704619277054,-0.04751791675477375,-0.047684859866075374,0.049470021825911745,-0.1759125473088137,-0.19773244174444124,-0.01564000085209445,-0.12923399708038522,-0.04081480496966176
