,PC1,PC2,PC3,PC4,PC5,PC6,PC7,PC8,PC9,PC10,PC11,PC12,PC13,PC14,PC15,PC16,PC17,PC18,PC19,PC20
greek_pelike_iron_age_-500BCE_57,-0.8922430306577328,2.9578991613248364,-1.149312821676306,-2.3268263364856443,0.38212723822413197,0.3690060169270868,-0.07711008069924048,0.035214345356605725,0.05284058373947596,0.07157245224347852,0.11496971636130815,0.140401241301827,-0.134175680428123,-0.22569537378683519,0.16471457944276896,0.531775093156566,-0.30877763456408264,0.02878474038708609,0.3705437314938811,0.031064637423505535
greek_pelike_iron_age_-400BCE_137,-3.0480131122275482,-2.2123159070059275,0.6185121397942007,-2.2405910485291427,0.3931894997227239,-0.18291627282778922,1.3220054563871468,-0.14575060038576967,-0.03959488019910992,-0.7667529643776007,0.8470876359049418,0.6148276095558397,0.17134279902756241,0.9167544064566253,-0.04706085712092975,0.12422580679450679,0.09288200493323512,0.03342381817750767,0.09292986364217959,-0.2895754093605535
greek_pelike_iron_age_-300BCE_293,-2.0375891351353523,-1.3289758401560134,-2.752456814622626,0.45161967270063536,-0.73268615456118,-0.20245866577879013,-0.13776256711702278,-0.3959859539558083,-0.4605014453894609,0.04306147420363604,-0.450591656539799,0.6312876892428925,0.9266550922402936,0.27251832502849865,0.40838279629270097,0.15301763353089146,-0.41460781414908826,-0.023136107447868898,-0.24432970209170307,0.16307738288900525
greek_pelike_iron_age_-450BCE_37,-3.0141449738693793,0.9671520026123388,0.9935988300554465,0.18039512749290854,0.286501225857881,-0.6296225157345843,-0.8505107253552623,0.6778611143096438,0.4136046292844432,-0.7142896602378688,-0.4348549916576396,-0.3814876914157471,-0.649630152869429,-0.0828007995313148,0.5779021766263805,-0.03422670881849621,-0.3913442505304927,0.44325659640841397,-0.06987290958802589,-0.1939940137285015
greek_pelike_iron_age_-450BCE_32,-1.2919066729968867,-0.6949002502999598,-0.8976409795101918,-2.2171806493509667,-0.15337372021381573,0.2867953078157367,-0.18370238404656697,-0.2561985779921913,-0.05112915681571351,0.1991665894580511,-0.07791499507108732,0.28694889272581114,-0.09232479655925566,0.025501601315210037,0.2002353773833892,-0.11533543933320689,0.3185904290009106,0.430340428573009,-0.15540613794175653,0.17524203672057703
greek_pelike_iron_age_-350BCE_74,-2.946021217094651,-1.6518185146940263,-0.39815627928085995,1.1559668036970752,-0.24764641409232907,-1.7618983207030694,-1.0754546967354552,0.451348288866233,0.6807858367478008,0.1839485522584679,0.23186750417564364,0.08743329368348707,-0.40227777151744537,0.37903870850144905,-0.3064018851080167,0.14765021090544234,-0.16481018774031342,-0.2640026984857015,-0.20456527548174677,-0.09648101310697588
greek_italiote_pelike_hellenistic_age_-350BCE_114,-2.9798103774274636,-1.9604044002675383,-1.3514917663471087,1.0248078269011334,0.6821429628325788,0.576221424729426,-0.33358893660314015,0.1348451561592786,-0.23825118891875524,-0.029149396956219986,-0.29580406022161215,-0.999845632945132,0.5787526145004476,-0.09847297387576254,0.18808852567154768,-0.21673215704360252,0.25064851509913616,0.1871240322620731,0.07082192488155004,-0.16721843767883574
greek_italiote_pelike_iron_age_-350BCE_202,0.41224724135593815,2.9588651832061377,-0.8105832407603248,-3.196163122339225,0.3230718241762592,-0.3207986841072117,-0.11632376334972572,-0.7006606335281969,0.22621343217288167,-0.27432433446733334,0.2707710467314846,-0.42399173742797375,0.03941776696904784,-0.1590941686644209,-0.08349000381464514,0.09921429739105489,0.16125730910209102,0.007291521592926398,-0.37904021451038716,0.1642213290905754
greek_italiote_pelike_iron_age_-350BCE_209,-0.5827574076067443,-1.5207238890047357,1.1517472471992019,-2.0615190058702844,-1.0772040859697052,1.487204928519965,-0.29394745427197355,-0.5478184459910789,-0.6642629341540365,-0.23540344246598724,-0.573473564726168,-0.7642545272969459,-0.22441338584603757,0.25348369739080173,-0.1777995317484726,0.08657637398096324,-0.1111689241101464,-0.48237823755811815,0.1852739614968874,0.07357320655130943
greek_italiote_pelike_iron_age_-400BCE_44,-1.7041698240531813,1.7409700348665784,-2.7684290528436075,0.41362850100944143,0.7360386478275542,0.8719748053380881,-0.46758988095854304,0.4858835111471538,0.2622828028255078,-0.15151614118097545,-0.05674881719443017,-0.00221025625737975,0.2052390614676543,-0.2579048761566526,-0.32883157405892866,0.17416420293611468,0.046984203160291615,-0.3039712308801225,0.06362591405921231,-0.07077789576877684
greek_italiote_pelike_hellenistic_age_-300BCE_258,-0.34268873377275366,-2.273909229200114,-0.6625698814185529,-1.6810975700841118,-0.6631141275967138,-0.8793276084470711,0.40121525659188684,0.6179420070117961,-0.3639767843708431,1.7312788295160908,-0.6093282656838488,-0.015242915953272151,-0.5679828080503695,-0.1310251899368345,-0.008676747680263108,0.11244013889127913,0.10189437657355349,0.0419912582447077,-0.08939575397679321,0.07960638309504159
greek_italiote_pelike_iron_age_-350BCE_204,-1.211480478326139,-0.8399642087252559,0.8705307719666597,-2.412421323444986,-0.16704916648009516,-1.373245458826885,-0.25702839727988613,0.019506061629613068,-0.015053109751482663,-0.5676027583516348,-0.0023718970679978135,-0.073925885846957,0.13707175046593184,-0.7433546314587318,-0.16953085261113915,-0.49600142376892753,0.14315030114438027,0.016869736357421644,0.3280321109338112,0.2585708262184222
greek_loutrophoros_iron_age_-450BCE_158,1.7184633049198208,-3.4418998125976916,0.021497101695067022,-0.5678671171537074,-0.489272040565872,0.4684475927690516,0.15473476444560458,0.683150589315155,0.07307024697444911,-0.06753311048316668,-0.06970091491695851,-0.15060392147561452,-0.11361921155163696,0.218776728092793,-0.13225125140109056,0.14463051324992848,0.24008892110719757,0.024445028419284365,-0.2396389459594466,-0.03755626832609482
greek_loutrophoros_hellenistic_age_-150BCE_295,4.614370335676146,0.9248723981694752,-1.6212879120190251,0.24273745682306536,-0.9808268031079366,-0.3605862077412257,0.4593134126440363,0.8214022274745033,0.011257620517029998,-0.5432364236618668,-0.32059953149874343,-0.28657423707467666,-0.11678236728279875,0.6332049058078115,-0.6284823386394905,-0.21116897722214112,-0.47958417024837535,0.30275772031505604,0.13183924130648683,0.174542257725937
greek_loutrophoros_iron_age_-600BCE_288,0.8257036029778138,-1.384986864713412,-1.8846949824404213,0.31025394051151817,-0.007335550364382812,1.0032203062643703,-0.7857398266932001,-0.045095753895125504,0.17573181316904574,-0.2139501685136177,0.4507961666865068,0.8577487505781584,-0.8257474969094897,0.13268305222543317,0.33264422861600873,-0.5608109591131316,0.03178595306971434,-0.12671600349120354,0.08330087368926153,0.07749641147140349
greek_loutrophoros_iron_age_-500BCE_213,1.7777256595619568,-2.305122636516809,-0.6039979729392482,0.7094302507488398,-0.5218370558195721,-0.08068729237866457,-0.27239908279010816,-0.08906348818634385,-0.09342949046114607,-0.08153618873911439,0.1868154511892991,-0.006851018385983454,-0.3842337157519886,-0.26321396133338354,0.06486548171081198,0.07180590516527458,0.18240286330326155,0.09387114569375599,0.4798461891297381,-0.04962132042268344
greek_loutrophoros_iron_age_-450BCE_164,3.6481973367603717,0.7710225057438329,-1.3812997314564024,-0.3083940463534216,-0.2124925960371411,0.08305815654588244,-0.45126145793267813,0.30436715769307765,0.22083526465472406,-0.004411163375465328,-0.0331296862687208,0.13013460734249832,0.4310030348175881,-0.055350983736616566,-0.29087286340034363,0.4128876999287521,0.2958776892750397,0.4815120969787435,-0.10190439056693748,-0.284118413893819
greek_loutrophoros_iron_age_-500BCE_211,2.1104333077109976,-0.6271701105434253,-1.7769770798282325,0.7314900342970455,-1.2045123038320673,0.4671421322675556,-0.6961240165881375,-0.19323313972367312,0.05436298119789673,-0.2198679387101558,0.2785756772417729,0.12610729402082688,-0.08198263181025872,-0.1608396090147477,0.02457405801834739,-0.064704472678072,0.41284160700955774,-0.19620559884264538,-0.18309591788277663,0.1331337131892316
greek_italiote_loutrophoros_iron_age_-400BCE_246,2.2280340557009013,-2.308611497451805,-2.4945653885481542,1.071965299385226,1.677198094204872,-1.166334692091046,1.7551363610281274,-0.4347543520155067,0.09962365136660453,-0.1758413643277628,0.5218668711586408,-0.6569021547220331,0.04218537299471317,-0.3707587868752404,0.4477989960099464,0.09317503653237447,-0.23560618563999397,-0.2153033182373443,0.10629657943138571,0.18504739833964937
greek_italiote_loutrophoros_iron_age_-350BCE_291,0.19026387264653558,-2.0207325833631113,1.7823761817352417,-0.0618636228846291,1.7569961228369895,1.4474040514724358,-0.07593742078819032,-0.4408241130015943,1.8610905421096917,0.8235718784306371,0.20633090350455782,-0.11620422923317682,0.27020278194465613,0.11071058138892761,-0.13410670257806884,-0.08756655532936053,-0.30675537319263674,0.20629891379915619,0.12779718495668424,0.2582259438684449
greek_italiote_loutrophoros_iron_age_-400BCE_247,2.1693511535835475,2.4654757326155856,0.19653398464534322,0.02696206651939735,3.5748835652218447,-0.4863235998892379,-0.3748200036270125,-0.18344086361993364,-0.09332640480708575,-0.2290633968717284,-0.456302460903655,0.45497067709755235,-0.10062995682282733,0.0826884941477318,-0.006817946908852474,-0.3199754966292301,0.253400749477757,-0.12620816989742883,-0.15250040479287305,0.008354578322425116
greek_italiote_loutrophoros_iron_age_-400BCE_244,0.4868603224726252,-0.9090482424281956,1.8430422575815093,0.3635462374392374,2.676586769851233,-0.15297732070412695,-0.9499802189816716,0.4209634135529755,-1.0278057931504692,-0.09399335100731482,-0.008000416983096892,-0.24903081275527766,0.145662629277573,0.3673338029959423,-0.21058976976716764,0.2048961305572236,0.04093487990667405,-0.1368083275132689,-0.14981465448038134,0.13894153910273407
greek_italiote_loutrophoros_iron_age_-400BCE_245,0.42207717409233103,-0.87262600826568,1.268744274949694,0.9421160140151397,0.4607537984523767,0.6526238048867549,-0.1773089924226125,0.16138019655840619,-0.5051805277331111,-0.18163460621309824,1.0247703377896344,-0.49609641095320567,-0.34779483428374197,-0.12337520345344098,-0.05965432091968864,0.2543893544268787,-0.1450741579496907,0.11161508942236585,-0.298492730119582,0.043073418875940454
greek_italiote_loutrophoros_iron_age_-400BCE_243,1.5764945673455462,-1.3502579670898391,1.1872677656784005,0.33955707860562756,2.0278336026826063,-0.13342570122069405,0.2932719340472154,-0.35606641660104715,-0.27891609401553796,0.28165036900286916,-0.8378242468901461,0.6060865158367394,-0.006998983244347889,-0.1496537945007485,0.07880371031518069,0.1953500643017917,-0.023497380962703707,-0.10539259104328769,0.12244705319437504,-0.27130661854838917
greek_amphora_iron_age_-550BCE_4,-1.07691136821223,2.1722456601789695,1.4106004662693303,1.2415913236060712,-0.6757520102662035,0.6785911493888273,0.7789132588620635,0.675763901972307,-0.2759762234293801,0.04563219475974781,0.2264306289504895,0.20203627322459583,-0.23621524720787013,-0.017798137243068973,0.3153046929604985,0.041020498964129626,0.2248379542508511,-0.09995241137919259,-0.08170597017878353,0.21767670597179062
greek_amphora_iron_age_-350BCE_143,0.25960586671320884,-0.6529199694319289,1.850966450716612,-0.37772524431547205,-0.6990118961914762,-0.04495649338086538,1.1860512734235078,0.5396365802181924,0.5105601570277224,-0.41181200257901796,-0.37237932690405817,0.35811938320954173,0.009667675071911703,-0.5721142981097329,-0.4656791364649198,0.02405892654419739,0.026468424988580402,-0.23157292380344136,-0.0807291571411794,-0.2831780164513502
greek_amphora_iron_age_-450BCE_26,0.14939173005366768,1.1154886579940944,0.66239969700209,1.1631862351721631,-0.3050963443446445,-0.030882463690369566,0.033321662651463135,-0.34236992753790196,-0.6515063936259239,0.4382905788874709,0.4995309876821739,0.27250525150167,-0.07047811891345254,0.032846474577466235,-0.01864437676351896,0.3677953711252553,0.059981487764537614,0.29145578714713793,0.4033239180773223,-0.10403767089026986
greek_amphora_iron_age_-350BCE_142,-0.573242058169427,-0.5282531073281485,1.1822991679327775,0.9040898389307263,-0.6808771606434857,0.6716683591171234,0.783086923613724,0.375730705530586,0.09527099349275284,-0.32661643203278523,-0.34692631424217535,0.29268402524166426,0.3649526606285184,-0.47008673633717696,0.1401094488728204,-0.19383345365888463,0.06656091851547047,0.10643794700320414,-0.41367468249653494,0.060213750473802924
greek_amphora_iron_age_-350BCE_146,0.5496645941868948,0.4041789992271765,1.4842291252510789,0.5917978510482822,-0.6948310128372623,-0.07995415867117722,0.1256974249746638,0.4418254861387768,0.036282652104712654,-0.1636516425923385,0.05095095176056118,0.022246529890369016,0.24277344387960462,-0.16174875194454352,0.3453385640316516,0.3343202221903398,-0.047199508752131046,0.17519403564242061,-0.23694757310082032,0.25547923458983013
greek_amphora_iron_age_-550BCE_6,-0.16738256533789025,0.3616289118488899,1.2675550737298626,1.376846671526175,-0.5163183630700814,-0.20313508532555957,-0.14333498057610433,0.013831136965052386,-0.28232076062986444,-0.08288314443428604,0.29650911776434663,0.15106243520979887,0.03371672894850347,-0.3278067987917058,0.041141380394721316,-0.052288863154980866,0.13050267344662897,0.032808610789869824,0.35509911636993763,0.04999132459381941
greek_italiote_amphora_iron_age_-400BCE_81,-0.9035343718958031,1.4428688534730132,0.3694317781252179,2.076500460277497,-0.9987469697057192,-0.5322275486789911,0.4853680100979136,-1.3439476240791985,0.7454902673673565,-0.3905384144067853,-0.9315426685495094,-0.2910974466345152,-0.41101853532704646,0.5785235938623776,0.048427052127080594,0.3778218680220249,0.5339665500725814,-0.06856062852623698,0.0728678591538659,0.2108258985277843
greek_italiote_amphora_iron_age_-400BCE_86,1.1938044064400986,-0.09775988587830592,1.3417331206915726,0.02089859080475917,-1.3702913988062417,-0.8673533245593799,-1.1045344744174044,0.37212828695234307,0.4463254254266567,0.21322604407898862,0.38397457087261727,-0.007562108633188014,0.9281774500962996,0.12137337146944949,0.12032442195506027,-0.1116117680400879,0.09563072416441244,-0.47938251503691465,0.18906027059601885,-0.03745903082141211
greek_italiote_amphora_iron_age_-400BCE_88,0.3302052553266336,1.038170649675075,1.4373697099553329,0.3110277091235478,-0.7778693986427064,-0.3620651909877842,-0.6123524039795453,-0.7633954886685002,-0.16056295016081396,0.19235770257348925,0.09301315599871979,0.10326222188128831,0.38199915471629553,0.03528423436918568,-0.08925148901592367,0.02681292260659307,-0.08432775286348834,0.31740601062278845,0.19945031263449597,0.000328386955904713
greek_italiote_amphora_iron_age_-400BCE_90,2.804330699257287,2.6095342737353167,0.5669572656000079,-1.0150102408709543,-0.42898542548249036,0.23809412463473545,0.39816949014496944,0.7031111184271767,0.12760077942401238,0.370998185831632,-0.18538677965750205,-0.3970327549288193,0.15840492788668634,0.5706485201149429,0.8458207968160356,-0.4140728629438395,-0.00810463462699032,-0.19434917320589817,0.15295451254659553,-0.3816575281674564
greek_italiote_amphora_hellenistic_age_-300BCE_221,1.2159540883782398,0.4800270931358145,0.25308057634502346,0.11143123556631043,-0.9410895711708064,-0.2203994070230051,-0.13075249998229205,-1.4930779430781458,-0.07299175596673851,0.3482286130786277,0.41795895173464115,-0.26571603807116184,-0.2334516445464866,-0.27569768271125383,-0.04659422436569243,-0.21634984475305713,-0.24467038076231037,-0.05609390652348798,-0.46150032391660645,-0.6700042424684338
greek_italiote_amphora_iron_age_-450BCE_265,0.2286214003241485,1.736575113421914,1.2639856644163374,0.300682241713467,-0.6122990716497434,-0.3192413494566827,0.3406577004512715,-0.4543939549276166,-0.48239828185262423,0.46141751565007916,0.18495313528542376,0.15906681508507975,-0.0003397594552316807,0.2201393946942737,-0.2023406243130724,-0.47590445519703356,-0.3223662334946746,-0.0222991848589999,-0.1986925357743591,0.4495860841467854
greek_amphora_iron_age_-1000BCE_155,-0.18892686556678806,0.6643624445306313,-0.3430327688701101,0.3354591201253453,-0.482607193378574,0.6603130706103725,-0.19640987904538945,-0.14392277714865068,-0.07284770728736402,-0.2737311033891993,-0.4574448177990873,0.3788284458292469,-0.136126805162252,-0.3793682256396083,-0.10026427912492916,0.2600052511539362,-0.606362096801115,-0.2695806283054609,0.04589095687027718,-0.03536829190466073
greek_amphora_iron_age_-1050BCE_277,-3.1748702283946533,3.9081479664648113,-1.1668349528970863,0.6714276271346648,0.4779132446674732,0.10968378221968803,0.7317040866510227,0.6364321277157292,0.1593964468359776,0.686056083182501,0.5056586907932311,-0.18493397091527775,-0.05371728049312885,0.012034962669313864,-0.3185141961574622,0.0001674648862541872,0.19608270589211108,-0.21234700655317051,0.005979014362455071,-0.03633627385294648
greek_amphora_iron_age_-1000BCE_152,-2.776107554740084,0.2629152827374314,-0.9611270258777491,1.397244112507249,0.18588923827172343,0.3193683487171109,0.5153271282265457,-0.2423233586583217,-0.4225942437192811,0.10888208621955728,-0.27250608880975796,-0.10619420153255107,0.12271623909993185,0.06261612799358676,-0.518621315282336,-0.6676175495577207,-0.01251455486974029,0.28137614375286446,0.15392669117427266,-0.19958200275276033
